GlobalID,Facility Identifier,Facility Type,Inspection Status,Size 1,PRIORITY,Jurisdiction,Persistent Flow,AVGDISCHARGE,Accessibility,POINT_Y,POINT_X
{2930B26A-DE4C-4E36-8E9D-20B5B8F77DA9},DP01-12022-1,Outfall,Verified,48,NA,Dana Point,Unknown,0.055382,Difficult accessibility,33.46408018,-117.714778
{F1A20556-9AFE-4BFC-A5BD-765B4F16802D},DP01-12022-2,Outfall,Verified,54,NA,Dana Point,Unknown,0,Difficult accessibility,33.46649818,-117.716079
{B9E368D1-0601-4D99-B7EE-076F034D1D23},DP04-12015-1,Outfall,Verified,48,Not A Priority,Laguna Beach,Yes,0.010065,Easily accessible,33.50464423,-117.7474356
{FA96D381-A5FA-4EF8-9755-46E6C80C3DBB},DP06-12106-1,Outfall,Verified,60,Not A Priority,Dana Point,Yes,0.254075,Easily accessible,33.46389083,-117.6883989
{0D61E2AD-DA3C-4EE6-AD1B-32E44854CAA2},I00-11437-1,Outfall,Verified,68,Priority,Laguna Beach,Yes,0.149571,Difficult accessibility,33.53349088,-117.7702426
{171AC70D-B722-42FD-9ADA-813B331846A7},I00-11453-1,Outfall,Verified,48,Not A Priority,Laguna Beach,Unknown,0.013894,Easily accessible,33.53709197,-117.7805033
{60A6CD6E-DA16-422B-8EDA-6D2EFD365167},I00-11468-1,Outfall,Verified,48,Priority,Laguna Beach,Yes,0.039855,Unaccessible,33.53565305,-117.7690012
{77142EB8-ED5A-457E-A15B-0DA4FE92CCF2},I00-11518-1,Outfall,Verified,84,Not A Priority,Laguna Beach,Yes,0.079534,Easily accessible,33.52971161,-117.7733187
{43927D34-5C8D-480F-9527-A565DA0C7C0C},I00-11518-2,Outfall,Verified,48,NA,Laguna Beach,Unknown,0.0048,Easily accessible,33.52862418,-117.7726239
{25FC0B7A-A34B-48D1-86FD-00FA62D21B2B},I01-11010-1,Outfall,Verified,48,Priority,Laguna Beach,Yes,0.043362,Difficult accessibility,33.54415971,-117.7833999
{7466B2A4-CC2D-4862-BC7C-0ABA52F841B0},I01-11015-2,Outfall,Verified,36,Not A Priority,Laguna Beach,Unknown,0,Easily accessible,33.54790127,-117.781545
{DB9C2669-FA77-4FA1-A76C-F2D11E0410E4},I01-11015-3,Outfall,Verified,36,Not A Priority,Laguna Beach,Unknown,9.06E-04,Easily accessible,33.5479255,-117.7815344
{EC705F4A-8057-41AB-99F6-CDD22A7AEEDC},I01-11023-1,Outfall,Verified,36,Priority,Laguna Beach,Unknown,0.002155,Easily accessible,33.54963186,-117.7803141
{038D9EF3-E345-4A2B-A2E8-4C86B0814F1F},I01-11023-2,Outfall,Verified,36,Not A Priority,Laguna Beach,Unknown,1.87E-04,Easily accessible,33.55022543,-117.7795746
{B1E7A48B-1DC2-43B1-BE7B-17B6936EF467},I01-11023-3,Outfall,Verified,36,Not A Priority,Laguna Beach,Unknown,0,Easily accessible,33.55072696,-117.7789043
{4299039A-0613-47FF-B808-7CF8CD065E00},I01-11023-4,Outfall,Verified,36,Not A Priority,Laguna Beach,Unknown,0,Easily accessible,33.55118989,-117.7782578
{37C6F748-E62C-4DCD-89A7-0CB6EFB76B47},I01-11023-5,Outfall,Verified,36,Not A Priority,Laguna Beach,Unknown,0,Easily accessible,33.5512382,-117.7782548
{C71E52F8-AC08-4469-BA89-8E02697C744D},I01-11059-1,Outfall,Verified,60,Not A Priority,Laguna Beach,Unknown,0.002142,Easily accessible,33.55356666,-117.7754969
{8A75D24A-9302-4837-9C8D-5CEE11DCAB92},I01-11059-2,Outfall,Verified,36,Not A Priority,Laguna Beach,Unknown,0,Easily accessible,33.55357207,-117.7754287
{DB859266-5BF1-4E9B-91AB-9674CD92B469},I01-11059-3,Outfall,Verified,36,Not A Priority,Laguna Beach,Unknown,0,Easily accessible,33.55369103,-117.7753361
{343D946F-618A-4C8F-BECA-AAD6427C9CAA},I01-11065-1,Outfall,Verified,36,Not A Priority,Laguna Beach,Unknown,0,Easily accessible,33.55771319,-117.7731287
{ED3BCD26-6F4E-4AE2-9C8B-80EDA743C061},I01-11077-1,Box,Verified,NA,Not A Priority,Laguna Beach,Unknown,0,Easily accessible,33.5632134,-117.7679823
{B9DC0E18-53B8-47A3-A9E6-B022A6119F8C},I01-11077-2,Outfall,Verified,36,Not A Priority,Laguna Beach,Unknown,0,Easily accessible,33.5631817,-117.7680462
{A6CD0460-3E4D-434A-8EED-4ABA7D87A2EB},I01-11093-1,Outfall,Verified,36,Not A Priority,Laguna Beach,Unknown,0,Easily accessible,33.55866927,-117.7725692
{50B8F0F5-D3AB-43AA-9466-0350D018EEA8},I01-11093-2,Outfall,Verified,48,Not A Priority,Laguna Beach,Unknown,0,Easily accessible,33.56266681,-117.7697204
{86E3548C-66A9-4F7B-BC80-1C6D6520BA51},I01-11195-2,Culvert,Verified,NA,Priority,Aliso Viejo,Yes,0.325428,Difficult accessibility,33.58990515,-117.7515672
{407CFB17-3B6F-4280-9700-B0FD229A0C5E},I01-11216-1 (I02P13),Outfall,Verified,60,Not A Priority,Aliso Viejo,Yes,NA,Easily accessible,33.59874504,-117.7472293
{3E6152B4-AA12-4483-A315-F2A09982301C},I01-11216-2 (I02P12),Outfall,Verified,60,Not A Priority,Aliso Viejo,Yes,NA,Easily accessible,33.59874519,-117.7471896
{DB80E054-4D2C-4D53-8065-26F13D35FE95},I01-11216-3,Outfall,Verified,48,Not A Priority,Aliso Viejo,Yes,NA,Easily accessible,33.59871118,-117.7470521
{BD8B9607-5DAE-4D8D-9B8E-9B2DC1C2A8C1},I01-11216-4 (I02P14),Outfall,Verified,42,Not A Priority,Aliso Viejo,Yes,NA,Easily accessible,33.59822758,-117.7461991
{6731B5BE-BAEC-490D-90D1-2CBFABE191C3},I01-11217-1,Outfall,Verified,36,Not A Priority,Aliso Viejo,Yes,0.001777,Easily accessible,33.59737354,-117.7462766
{2889E41D-D4E7-47BA-843A-5A6D17AF80DF},I01-11343-1,Outfall,Verified,36,Not A Priority,Laguna Woods,Yes,0,Difficult accessibility,33.61120048,-117.7552262
{9A50D575-FFD5-41A9-B523-61D9221779CD},I01-11343-2 (I02P18),Outfall,Verified,48,Not A Priority,Laguna Woods,Unknown,0.007131,Difficult accessibility,33.6121053,-117.75396
{5950041F-4A9F-49ED-994B-C50CD46C105C},I01-11487-1,Box,Verified,NA,Not A Priority,Laguna Beach,Unknown,0,Easily accessible,33.54221091,-117.7852456
{04035718-9418-4D9D-BE25-7FB1C35BC0A0},I01-11487-2,Outfall,Verified,48,Not A Priority,Laguna Beach,Unknown,0.008737,Easily accessible,33.54098818,-117.7835083
{C081E89B-5CDA-439B-97FB-CCA6D19E46F4},I01-11502-1,Outfall,Verified,36,Not A Priority,Aliso Viejo,Yes,NA,Easily accessible,33.59564069,-117.7484768
{8617AFA3-52A5-463C-8916-03BC38AAFBC4},I01-11503-3,Outfall,Verified,48,Not A Priority,Aliso Viejo,Yes,0,Easily accessible,33.59347737,-117.7493067
{CEFC14D7-9ED9-43A9-BA53-748978BC75CB},I01-11503-5,Outfall,Verified,36,NA,Aliso Viejo,Yes,NA,Easily accessible,33.59353752,-117.7495101
{2B86E2C7-7931-456A-BDF6-8E5B829C36D2},J01-10004-1 (J01P01),Box,Verified,96,Priority,Lake Forest,Yes,0.299355,Easily accessible,33.6334064,-117.6768884
{FC0A0575-4F9F-4F48-92CC-AA2CA9B5047D},J01-10004-2,Outfall,Verified,42,Not A Priority,Lake Forest,Unknown,7.54E-04,Easily accessible,33.63406357,-117.6746875
{F79CDE56-859F-4A33-BFA7-8A7FFBF9055A},J01-10006-1,Outfall,Verified,36,Not A Priority,Lake Forest,Yes,0,Easily accessible,33.6283627,-117.6836585
{0E023D41-5A3C-41F1-98C3-7CA73337F6D9},J01-10012-3,Outfall,Verified,36,Not A Priority,Mission Viejo,Unknown,0,Easily accessible,33.66921308,-117.6269503
{3A09A49C-9DAA-4A66-898F-7D6115463F96},J01-10017-1 (J01TBN4),Outfall,Verified,48,Priority,Aliso Viejo,Yes,0.017361,Easily accessible,33.57090351,-117.7170616
{65AB7468-482A-4869-8212-F73F5CC03224},J01-10019-1 (J01P33),Outfall,Verified,42,Priority,Aliso Viejo,Yes,0.007265,Difficult accessibility,33.56456168,-117.7184388
{30268716-5276-44DF-9485-87949570FB12},J01-10041-2 (J03P13),Box,Verified,NA,Priority,Laguna Niguel,Yes,2.4525,Easily accessible,33.55263395,-117.7088174
{BEADF14B-536C-491F-AF1C-E6C6959F66BD},J01-9005-1 (J03P05),Outfall,Verified,54,Priority,Laguna Niguel,Yes,0.033399,Easily accessible,33.53990663,-117.7041581
{8D0A255A-DAB2-4BAC-A4E1-414D7DD8EA41},J01-9005-3,Box,Verified,NA,Priority,Laguna Niguel,Yes,0.303774,Easily accessible,33.54616957,-117.7030321
{6367FF6D-1FC8-4E27-B1F3-A8005D44345E},J01-9007-1 (J02P05),Outfall,Verified,66,Priority,Aliso Viejo,Yes,0.092367,Easily accessible,33.55864031,-117.7378146
{87FF3E7F-0CD3-43AB-8A99-DD46A197D6A4},J01-9008-1 (J01P30),Outfall,Verified,84,Priority,Aliso Viejo,Yes,0.07146,Easily accessible,33.57676689,-117.7132973
{845D0596-F79C-47AB-8A96-2BF5F46A5F2D},J01-9031-1,Outfall,Verified,54,Priority,Lake Forest,Yes,0.037166,Difficult accessibility,33.67284325,-117.6388384
{82959DB9-0482-452E-8715-E1BA44BC8E44},J01-9033-1,Outfall,Verified,36,Not A Priority,Lake Forest,Yes,0.006837,Easily accessible,33.67100869,-117.6262673
{7E5CB88D-6665-452A-804A-655CBEAB830F},J01-9040-1,Outfall,Verified,66,Not A Priority,Lake Forest,Yes,0.290204,Easily accessible,33.67802615,-117.623525
{7B37BD5E-90A3-4DC7-8721-402EFF48BB71},J01-9046-1,Outfall,Verified,24,Not A Priority,Lake Forest,Unknown,0.00431,Easily accessible,33.6545286,-117.6597856
{2E617AF1-4DE3-4D23-81BF-39FAD4E9D040},J01-9046-2,Outfall,Verified,42,Not A Priority,Lake Forest,Unknown,0.094019,Easily accessible,33.6544559,-117.6596746
{C52723D5-88DF-4B27-A94D-AEE8BFE85FDF},J01-9046-3,Outfall,Verified,36,Not A Priority,Lake Forest,Yes,0.004993,Easily accessible,33.65613772,-117.659406
{44FB9709-D45F-44FA-A0BF-A0B51C5584F8},J01-9066-1 (J01P04),Outfall,Verified,36,Priority,Mission Viejo,Yes,0.015364,Easily accessible,33.60933566,-117.6928755
{F7A1B2B3-02A7-4B84-A84B-A6BA19C83F0B},J01-9066-2 (J01P03),Outfall,Verified,81,Priority,Mission Viejo,Yes,0.085018,Easily accessible,33.61058951,-117.6927562
{D7F5B54C-C817-44EE-AD28-FD7E7AE69350},J01-9082-2,Outfall,Verified,72,Priority,Aliso Viejo,Yes,0.162521,Easily accessible,33.58158427,-117.7457481
{D57375B8-DA33-4EBF-B4C6-11FF1DA7BC5E},J01-9082-3,Outfall,Verified,48,Not A Priority,Aliso Viejo,Unknown,0.005053,Easily accessible,33.5815804,-117.7457248
{AFB6CBDA-AC92-4821-99CD-EDC47B411745},J01-9082-4,Outfall,Verified,42,Priority,Aliso Viejo,Yes,0.02202,Easily accessible,33.58156591,-117.7457146
{3F8450D4-0881-4A9D-829A-4B4707912F53},J01-9131-1 (J01P28),Outfall,Verified,96,Priority,Aliso Viejo,Yes,0.082706,Difficult accessibility,33.5747086,-117.715853
{61303168-3951-41A3-9F99-5A1FBF0706F7},J01-9144-1 (J01P23),Outfall,Verified,96,Priority,Laguna Niguel,Yes,0.050193,Easily accessible,33.55488917,-117.7189388
{55C07C97-F5A8-4AD9-BDD6-F282EF1F22F5},J01-9144-4 (J01P26),Outfall,Verified,78,Not A Priority,Aliso Viejo,Unknown,0.003827,Easily accessible,33.55910097,-117.7186845
{0066DC99-7D9F-42BE-ABDB-C06A68E52A0F},J01-9224-1 (J01P24),Outfall,Verified,54,Priority,Laguna Niguel,Yes,0.034237,Easily accessible,33.55647718,-117.7177862
{7BFD7882-593A-4F10-AAF7-CC4B57726763},J01-9224-2 (J01P25),Outfall,Verified,39,Priority,Laguna Niguel,Yes,0.108437,Easily accessible,33.5576113,-117.7176679
{E9D08FC2-7F70-4A86-8EF6-2A8BE2A5E6F4},J01-9259-3,Box,Verified,NA,Not A Priority,Lake Forest,Yes,0.00601,Easily accessible,33.62433763,-117.689943
{86AB9BCD-9766-418C-889A-A078524BE271},J01-9264-1 (J01P06),Outfall,Verified,72,Not A Priority,Lake Forest,Yes,0,Easily accessible,33.6634603,-117.6540564
{1B614B52-1204-4A36-9937-3895C916CE39},J01-9273-1,Outfall,Verified,36,Not A Priority,Laguna Woods,Yes,0.002304,Easily accessible,33.59988687,-117.7073534
{D1EBB0B7-3D03-4EE5-8D43-EF34E157DB50},J01-9275-1,Outfall,Verified,36,Not A Priority,Lake Forest,Unknown,0.002727,Easily accessible,33.64907302,-117.6613407
{8DD9934B-1D0A-4A08-9886-1E1C2EF93E40},J01-9275-2,Outfall,Verified,36,Not A Priority,Lake Forest,Unknown,0.001661,Easily accessible,33.65086149,-117.6606345
{6C557F4D-24D0-4AC7-9549-68AEDF86E4E7},J01-9313-1,Outfall,Verified,54,Not A Priority,Aliso Viejo,Unknown,0.05,Unaccessible,33.56255648,-117.7433806
{0C4B2C1F-221A-4822-9ED8-4F1AF591803F},J01-9349-1,Outfall,Verified,36,Not A Priority,Lake Forest,Unknown,NA,Easily accessible,33.64411766,-117.6658042
{45DC9F7E-3DD3-44F6-A4A9-350A8C32653C},J01-9364-3 (J01P21),Outfall,Verified,66,Not A Priority,Orange Co,Yes,1.836666,Easily accessible,33.54984944,-117.7212781
{51AB1EDB-AED9-40F1-83A8-6391511D250C},J01-9364-4,Outfall,Verified,42,Not A Priority,Orange Co,Unknown,0,Easily accessible,33.54433437,-117.7272291
{3B4E9F27-523C-4F6B-A986-26E060B631EF},J01-9377-1,Outfall,Verified,36,Priority,Lake Forest,Unknown,0.001816,Easily accessible,33.65808712,-117.6577564
{0F35296A-ECE2-4C19-BD75-E6442A50F57C},J01-9377-2 (J01TBN8),Outfall,Verified,48,Not A Priority,Lake Forest,Unknown,4.20E-05,Easily accessible,33.6600133,-117.653399
{91E48869-6AD5-41B7-8A9B-640ED2238B02},J01-9782-1 (J01TBN3),Outfall,Verified,42,Not A Priority,Lake Forest,Yes,0.001588,Easily accessible,33.63275125,-117.6769095
{91338D15-19F3-4699-83FA-4C17B2C07214},J01-9785-1,Outfall,Verified,60,Not A Priority,Lake Forest,Yes,0.027279,Easily accessible,33.61715691,-117.6936529
{DE6D1FF7-E755-41CE-9C57-7D26DD867CD5},J01-9992-1 (J01P27),Outfall,Verified,90,Priority,Aliso Viejo,Yes,0.159686,Easily accessible,33.57325111,-117.7166002
{58BF1710-6532-44A0-A4C2-487B6E14647C},J03-9215-1,Outfall,Verified,36,Not A Priority,Laguna Niguel,Yes,NA,Easily accessible,33.53115354,-117.7056505
{096C0676-4771-492B-BAA6-AA39CD7F88A8},J03-9215-3,Outfall,Verified,54,Priority,Laguna Niguel,Yes,0.051159,Easily accessible,33.53409748,-117.7015627
{B312B909-A14D-4AAA-BB21-74D113055A73},J03-9216-1 (J03P01),Outfall,Verified,36,Priority,Laguna Niguel,Yes,0.012897,Easily accessible,33.53077057,-117.7082352
{BDBAD671-CCD0-47D1-B121-7ED3242CBA94},J03-9216-2,Box,Verified,NA,Priority,Laguna Niguel,Yes,1.520455,Easily accessible,33.52800208,-117.7100646
{17A4B537-06CB-4914-A505-354A1A88B51B},J03-9216-5,Outfall,Verified,36,NA,Laguna Niguel,Yes,NA,Difficult accessibility,33.52816788,-117.7097581
{B349E3D1-F18C-44B9-A54D-9A854691EE96},J03-9221-1 (J03P02),Outfall,Verified,72,Priority,Laguna Niguel,Yes,0.239694,Easily accessible,33.54994245,-117.7171591
{0C213075-F3BE-4202-976F-D3228FB0F4F4},J03-9234-5,Outfall,Verified,48,Not A Priority,Laguna Niguel,Yes,0.012591,Easily accessible,33.51975532,-117.7070077
{7C898AE5-6408-40A7-9258-052F87B864B0},J03-9234-6,Outfall,Verified,78,Priority,Laguna Niguel,Yes,0.981972,Easily accessible,33.51963608,-117.7065155
{8BA658D6-F310-40D7-B7B1-E1E606ACD5A0},J03-9234-8,Outfall,Verified,78,NA,Laguna Niguel,Yes,0.302939,Easily accessible,33.51991517,-117.7154209
{AAC8234A-5800-4230-971C-633C406E3E23},J03-9368-1 (J03TBN1),Outfall,Verified,48,Priority,Laguna Niguel,Yes,0.006481,Easily accessible,33.53781578,-117.6974871
{1C987AEE-54C0-42B5-B602-B59EEAD42C2F},J03-9368-2 (J03TBN2),Outfall,Verified,60,Priority,Laguna Niguel,Yes,0.04806,Easily accessible,33.54010288,-117.6953706
{43A0D628-01FD-445E-A64B-B954122259BC},J04-9249-1,Box,Verified,NA,Priority,Laguna Niguel,Yes,1.180767,Easily accessible,33.55391762,-117.7098513
{E4A45859-C01A-4CBC-8954-294275402A42},J05-9255-1 (J05P01),Outfall,Verified,36,Not A Priority,Laguna Hills,Yes,0,Unaccessible,33.58459817,-117.7063739
{9F5547EB-7FE3-461F-9EBD-E58B4219028B},J05-9271-6,Outfall,Verified,36,Not A Priority,Laguna Hills,Unknown,0,Difficult accessibility,33.58730921,-117.7044793
{B447E738-FF4A-4052-83BC-409EFD00CC89},J05-9800-2,Outfall,Verified,36,Not A Priority,Laguna Hills,Yes,0,Easily accessible,33.58919053,-117.7015824
{7C52C879-6B87-4321-BC5A-53A3242DD1D9},J06-10011-1 (J06P01),Outfall,Verified,96,Priority,Aliso Viejo,Yes,0.603221,Easily accessible,33.59503612,-117.7157502
{53829E67-0A5F-46C8-B493-01AC3AA4C5CD},J06-9079-1 (J06P03),Outfall,Verified,78,Priority,Aliso Viejo,Yes,0.130309,Easily accessible,33.5922578,-117.7156301
{02D8D354-0554-49DF-972A-8BC374B3901B},J07-9022-1,Outfall,Verified,30,Priority,Mission Viejo,Yes,0.004128,Easily accessible,33.62677607,-117.6747604
{ED29B567-C00D-4966-8303-25068F8D1BA9},J07-9022-6,Outfall,Verified,36,NA,Mission Viejo,Unknown,0.001924,Easily accessible,33.62875416,-117.6662279
{3908761B-6044-44D9-8A7D-054C86F6D560},J07-9109-1,Outfall,Verified,36,Priority,Mission Viejo,Yes,0.008731,Easily accessible,33.63979016,-117.6591813
{728A2E3D-7087-4CD0-B654-7272B31DFBFB},J07-9109-2,Outfall,Verified,48,Priority,Mission Viejo,Yes,0.05716,Easily accessible,33.6415684,-117.6576006
{D0C41BF9-0216-43F4-8129-6EAC01EF1A03},J07-9109-4 (J07P02),Outfall,Verified,78,Priority,Mission Viejo,Yes,0.170884,Easily accessible,33.64644434,-117.6557853
{FF27122D-EC98-40FC-AE70-E4A3069DC586},J07-9110-1,Outfall,Verified,36,Not A Priority,Mission Viejo,Yes,0.004715,Unsafe accessibility,33.63469651,-117.6635276
{E0B5BFB0-FF67-482C-B2DA-0715F995C4FF},J07-9110-2,Outfall,Verified,48,Priority,Mission Viejo,Yes,0.013448,Easily accessible,33.63608386,-117.6622401
{07F87B16-7752-4E0E-8F95-EF62C174A7F6},J07-9110-3,Outfall,Verified,36,Priority,Mission Viejo,Yes,0.010077,Easily accessible,33.63961545,-117.6592639
{E67A1268-C953-4917-B816-D1F3A4A6B507},K01-12032-2 (K01P11),Outfall,Verified,48,Priority,Laguna Niguel,Yes,0.097353,Easily accessible,33.51685064,-117.7177463
{492C91F2-212B-4A73-AC7B-107B61D9565F},K01-12036-1,Outfall,Verified,39,Not A Priority,Laguna Niguel,Yes,0.026632,Easily accessible,33.50710457,-117.7188813
{27FDF89D-E07B-4D2F-B470-DABB97A9B098},K01-12036-10,Outfall,Verified,54,Priority,Laguna Niguel,Yes,0.016851,Easily accessible,33.51221236,-117.7167359
{70D2A74D-50ED-4574-A929-01CB7DE7D000},K01-12036-5,Outfall,Verified,42,Priority,Laguna Niguel,Yes,0.052474,Easily accessible,33.51166424,-117.7180234
{4C787A96-7840-4AA0-A3A0-EED192734DC5},K01-12058-1 (K01P08),Outfall,Verified,72,Priority,Laguna Niguel,Yes,0.166967,Difficult accessibility,33.51129517,-117.694608
{C0A795C3-4CA5-4BFE-8231-8B5C12D45F49},K01-12058-2 (K01P09),Outfall,Verified,72,Priority,Laguna Niguel,Yes,0.12576,Difficult accessibility,33.51124853,-117.6945892
{DC0E267C-D89F-4834-A9CC-2BD31EFE7608},K01-12062-1,Outfall,Verified,72,Not A Priority,Laguna Niguel,Yes,0.122807,Easily accessible,33.50914243,-117.6906695
{4B95CAAB-3599-40EF-9AEE-7EB6755113A0},K01-12126-1 (K01S01),Outfall,Verified,120,Priority,Dana Point,Yes,0.457496,Difficult accessibility,33.4840291,-117.7198638
{7ED3F0F9-CFEC-4D38-9A33-AE41DCBA38E4},K01-12138-1 (K01TBN1),Outfall,Verified,42,Priority,Laguna Niguel,Yes,0.063607,Easily accessible,33.51195858,-117.6970925
{EBDB95ED-DC08-4DB5-AB03-DFC2113EF527},K01-12155-1,Outfall,Verified,36,Not A Priority,Laguna Niguel,Unknown,4.40E-04,Unaccessible,33.49919106,-117.7202082
{F833764D-81C4-470D-A336-B65195ACDDC4},K01-12155-5,Outfall,Verified,48,Not A Priority,Laguna Niguel,Unknown,0.061386,Unaccessible,33.50234163,-117.7200409
{5534FF00-8FE3-41EF-BF46-3A596527C17F},K01-12156-1,Outfall,Verified,42,Not A Priority,Laguna Niguel,Yes,NA,Difficult accessibility,33.49693232,-117.712858
{F7D4DE70-C4F6-4DB8-9F42-612475714A9C},K01-12156-3,Outfall,Verified,39,Not A Priority,Laguna Niguel,Unknown,0,Unsafe accessibility,33.50412284,-117.709462
{6FB4B9E1-BF9D-41E3-9F3C-703D525B54CD},K01-12156-6,Culvert,Verified,90,NA,Laguna Niguel,Yes,0.522546,Easily accessible,33.49532901,-117.7149027
{65F1D30E-87BC-47F7-B9E2-465FBE713D1F},K01-12159-2,Outfall,Verified,96,Priority,Dana Point,Yes,0.146367,Easily accessible,33.48244638,-117.72042
{1F0E78FB-3598-45E9-815F-9C59DD96DF84},K01-12159-3,Outfall,Verified,48,Priority,Dana Point,Yes,0.023731,Easily accessible,33.482589,-117.720386
{162A0934-2B45-4BAA-AE44-99D3683A47DD},K01-12177-1 (K01P07),Outfall,Verified,78,Priority,Laguna Niguel,Yes,0.235946,Easily accessible,33.50859606,-117.7073686
{5903AEF4-DE41-446D-A41A-D3014DC8AD95},L01-125-1,Outfall,Verified,66,Not A Priority,Rancho Santa Margarita,Unknown,2.5,Difficult accessibility,33.65133136,-117.5670847
{DD113CF9-A134-4437-879D-CFE4C8EED772},L01-125-2,Outfall,Verified,45,Not A Priority,Rancho Santa Margarita,Yes,0.021,Difficult accessibility,33.65542936,-117.5592564
{33F2DC65-D927-4563-A681-F329D3F84B4B},L01-125-3,Outfall,Verified,42,Priority,Rancho Santa Margarita,Unknown,0.034201,Unaccessible,33.65524952,-117.5641985
{D9AB8BDF-6FF9-4F23-895B-E154A03243AF},L01-218-1,Outfall,Verified,42,Not A Priority,Rancho Santa Margarita,Yes,NA,Difficult accessibility,33.63183926,-117.5632834
{36EB35B0-30D7-472E-B8A6-28D21FB8C159},L01-218-2,Outfall,Verified,36,Priority,Rancho Santa Margarita,Yes,0.020075,Difficult accessibility,33.63334771,-117.5643736
{25F85F71-7FE3-41F6-8378-9EEFE4D6A956},L01-218-3,Outfall,Verified,42,Not A Priority,Rancho Santa Margarita,Yes,NA,Easily accessible,33.63827636,-117.5672698
{D52E55F3-6949-417B-9C1F-389593FDF685},L01-218-4,Outfall,Verified,36,Priority,Rancho Santa Margarita,Yes,0.033304,Easily accessible,33.63861457,-117.5692372
{920D2923-A87E-4A8C-864D-656B0F11E23F},L01-223-1 (L08TBN1),Outfall,Verified,60,Priority,Rancho Santa Margarita,Yes,0.056556,Difficult accessibility,33.62071083,-117.5646135
{05755366-E1F2-43BB-A1D6-AC836A44F681},L01-242-1 (L07P16),Outfall,Verified,54,Not A Priority,Orange Co,Yes,NA,Easily accessible,33.614663,-117.5825511
{01783387-75A4-429B-918B-074CD3332D70},L01-261-1,Outfall,Verified,66,Priority,Orange Co,Unknown,0.008361,Easily accessible,33.61304226,-117.5835806
{4DB1E7DE-3FD5-4696-8101-98BEA4A83871},L01-303-1,Outfall,Verified,51,NA,Orange Co,Yes,NA,Easily accessible,33.58906011,-117.5845312
{DAFC646C-2E59-4F16-8AFD-87B9CAE3A703},L01-303-2,Outfall,Verified,56,Priority,Orange Co,Yes,0.07,Unaccessible,33.59292915,-117.5850595
{688139FB-EB67-42AA-848F-C55BF48E6B28},L01-303-3,Outfall,Verified,36,NA,Orange Co,Unknown,NA,Unaccessible,33.59525691,-117.5840701
{DB68879F-B851-41C0-A2C5-D131F57A6ECE},L01-303-4,Outfall,Verified,60,Priority,Orange Co,Unknown,0.018628,Unaccessible,33.59601716,-117.584647
{77F01F3D-4632-4CFC-AF1B-CCA5EBF929DB},L01-303-5,Outfall,Verified,70,NA,Orange Co,Yes,0.017713,Difficult accessibility,33.59974638,-117.5843414
{6D056363-053F-45F5-B22A-6CAFD80C097C},L01-335-1,Outfall,Verified,72,Priority,Orange Co,Yes,0.015593,Easily accessible,33.5778062,-117.6128
{65AC036E-2F1F-4616-A08A-A4E7B1D38A11},L01-335-2,Outfall,Verified,36,NA,Orange Co,Yes,0.0052,Easily accessible,33.57739308,-117.6127371
{F1CABFEE-57C0-45D7-805A-974B2EF723C4},L01-340-1,Outfall,Verified,90,Priority,Orange Co,Yes,0.056759,Easily accessible,33.58695721,-117.5954282
{0562EDDC-63AD-4A1F-8BB1-E41C2E082A28},L01-372-1,Outfall,Verified,42,Not A Priority,Orange Co,Yes,0.007224,Difficult accessibility,33.56873401,-117.585367
{6ACA9BF4-266E-4C31-8EE3-75E5E450E45E},L01-391-1,Outfall,Verified,36,Not A Priority,Orange Co,Yes,0,Difficult accessibility,33.57606504,-117.5859044
{D41F3C53-33B2-4B80-AB83-E479787A54C2},L01-391-3,Outfall,Verified,42,Not A Priority,Orange Co,Unknown,0.013986,Easily accessible,33.57838704,-117.5868131
{9F273F46-123A-4CB8-88E1-327AB79BEDBA},L01-399-1,Culvert,Verified,36,NA,Orange Co,Unknown,0,Easily accessible,33.56325013,-117.546511
{02BEB49C-F068-46E2-825C-68BD9C28CB4E},L01-399-2,Outfall,Verified,54,NA,Orange Co,Unknown,0.001,Easily accessible,33.56270405,-117.5467208
{CDCEA1A5-E306-47B2-8945-27B1CD159C10},L01-404-1,Outfall,Verified,72,Priority,Orange Co,Yes,0.139529,Easily accessible,33.56451699,-117.5858346
{1E7BFD35-867B-41B5-9FF2-898F561EE27E},L01-404-2,Outfall,Verified,72,NA,Orange Co,Yes,0.073474,Easily accessible,33.56344627,-117.5855107
{68338A6C-A350-4B2E-90E5-C3AA59C3D9A8},L01-414-1,Outfall,Verified,36,Not A Priority,Orange Co,Yes,NA,Easily accessible,33.5617018,-117.5905361
{424C51CE-5569-476A-8035-40A7D01575A0},L01-414-2,Outfall,Verified,36,Not A Priority,Orange Co,Unknown,0,Easily accessible,33.56488478,-117.5920628
{834FBB7A-F243-4A65-80C6-AE688690CC0C},L01-414-3,Outfall,Verified,60,Priority,Orange Co,Yes,0.232035,Easily accessible,33.56679959,-117.5924257
{12B3B591-46D7-4C09-AEF9-0205FDAAC85B},L01-458-1,Outfall,Verified,96,Not A Priority,Orange Co,Unknown,5.40E-04,Difficult accessibility,33.52498066,-117.6151049
{1506D8A1-1F63-4CAD-971D-6107A4006B15},L01-471-1,Outfall,Verified,60,NA,Orange Co,Yes,0.008117,Easily accessible,33.52556749,-117.5972944
{8ACA8CDD-8242-491B-B115-35F97FCC3354},L01-494-1,Outfall,Verified,108,NA,Orange Co,Yes,0.095729,Difficult accessibility,33.52846272,-117.6076147
{7A6C6799-AB04-4589-9958-5C84F3951CFC},L01-514-1,Outfall,Verified,72,Not A Priority,Orange Co,Yes,0.018581,Difficult accessibility,33.52387936,-117.6229037
{CD0E12FD-1932-4531-BF8C-AE40939F31B4},L01-517-1,Outfall,Verified,60,Not A Priority,San Juan Capistrano,Unknown,0,Easily accessible,33.51866418,-117.6256699
{E56548DF-493B-422E-A5B8-8731DDBDFE40},L01-517-2,Outfall,Verified,60,Not A Priority,San Juan Capistrano,Unknown,0,Easily accessible,33.51859815,-117.6257087
{6F4B7E90-A083-4289-A5D6-7E68F3E03AB8},L01-517-3,Outfall,Verified,60,Not A Priority,Orange Co,Unknown,0.001664,Unsafe accessibility,33.52265761,-117.6202695
{E5E98A69-01CF-4012-9B40-92C07976275C},L01-517-6,Outfall,Verified,60,NA,Orange Co,Unknown,0.0279,Difficult accessibility,33.52410875,-117.6189769
{91F7E163-76E3-4E60-AF6E-ABEF81E97F26},L01-517-7,Outfall,Verified,54,NA,Orange Co,Unknown,0.001777,Difficult accessibility,33.5242491,-117.6195316
{01A02819-9301-488A-B748-0623EE010001},L01-517-8,Outfall,Verified,60,NA,San Juan Capistrano,Unknown,0,Easily accessible,33.51873217,-117.624488
{4FE0C734-3649-4717-871F-7A7EB924A050},L01-556-1,Outfall,Verified,36,Not A Priority,San Juan Capistrano,Unknown,0.013841,Easily accessible,33.50552589,-117.6451307
{6E297702-950B-4ECB-93F7-6D8CE2CE5D00},L01-601-1,Outfall,Verified,42,Not A Priority,San Juan Capistrano,Unknown,0,Easily accessible,33.48171911,-117.677876
{99C5D60F-3F09-4BFF-AE19-4319471F81EF},L01-602-2,Outfall,Verified,36,Not A Priority,San Juan Capistrano,Yes,NA,Unaccessible,33.49828191,-117.6536648
{6BB44A0A-D350-479C-9FC0-20CB027EB52D},L01-618-1,Outfall,Verified,60,Not A Priority,San Juan Capistrano,Yes,0.0585,Easily accessible,33.50004167,-117.6521586
{DBB6D67B-D85C-4FC2-AE21-A7AD70D991C8},L01-618-2,Outfall,Verified,96,Not A Priority,San Juan Capistrano,Yes,NA,Difficult accessibility,33.5004829,-117.6503538
{A981599B-D002-446E-B808-453E58ACEA12},L01-618-3,Outfall,Verified,36,Not A Priority,San Juan Capistrano,Unknown,0,Unaccessible,33.50155042,-117.6500091
{6CAF875E-8955-448F-B3BC-D7F75183DDDE},L01-618-4,Outfall,Verified,36,Not A Priority,San Juan Capistrano,Yes,0,Unaccessible,33.50249598,-117.6485057
{DB6B9824-56ED-459B-A97E-F9966647E89B},L01-618-5 (L01S09),Box,Verified,NA,Not A Priority,San Juan Capistrano,Yes,0.170796,Easily accessible,33.50198317,-117.648108
{8A859AA8-432F-48A4-B9EF-89E317C329D5},L01-724-1 (L01S01),Box,Verified,NA,Priority,San Juan Capistrano,Yes,0.093815,Easily accessible,33.48318127,-117.6770506
{9AFBCAFD-4410-42DD-A83A-9F170C6B1FBA},L01-724-2,Outfall,Verified,48,Not A Priority,San Juan Capistrano,Unknown,0,Easily accessible,33.48347491,-117.6771915
{1A565B60-44E0-4E2C-84FE-2362549F11C4},L01-724-4 (L01P03),Outfall,Verified,96,Priority,San Juan Capistrano,Yes,0.16548,Easily accessible,33.48469927,-117.675346
{2E54A407-3CB1-4115-BE98-54634E27A6A6},L01-726-2,Outfall,Verified,36,Not A Priority,Dana Point,Unknown,0,Easily accessible,33.47486666,-117.6795035
{B22F4F14-A3E0-4A9A-9F0F-891910B4EB75},L01-726-3,Outfall,Verified,48,Not A Priority,Dana Point,Unknown,0,Easily accessible,33.47522473,-117.6788066
{2B22BC20-4B7A-42C3-8427-8487ACC1F123},L01-726-5,Outfall,Verified,54,Priority,Dana Point,Yes,0.035118,Easily accessible,33.4758191,-117.6793076
{D64CBB08-F94D-40E2-BF24-D05C3319C2F7},L01-726-6,Outfall,Verified,48,Not A Priority,Dana Point,Unknown,0,Easily accessible,33.47619233,-117.6792341
{18A42986-EA31-4E07-A4F6-D18E1CBDE933},L01-726-7,Outfall,Verified,48,Not A Priority,Dana Point,Unknown,0,Easily accessible,33.47686102,-117.678442
{88ED161A-736E-448B-AF46-40F0E8C2F54E},L01-726-8,Outfall,Verified,54,Not A Priority,San Juan Capistrano,Unknown,4.43E-04,Easily accessible,33.47849053,-117.6786716
{8940546C-B67E-42D6-9426-7F1E9452BFE1},L01-726-9,Outfall,Verified,48,Not A Priority,San Juan Capistrano,Unknown,0,Easily accessible,33.47841414,-117.6780933
{798A1AA2-7443-4216-9DB2-0FB1B57E4222},L01-727-1 (L01S04),Outfall,Verified,96,Not A Priority,Dana Point,Unknown,0.129248,Easily accessible,33.47115021,-117.6809996
{B9983359-9D26-40FE-905C-4936B6ED0548},L01-727-2,Outfall,Verified,36,Not A Priority,Dana Point,Unknown,0,Easily accessible,33.47418847,-117.6797221
{F5B625B6-1B6F-4CA5-84AD-4CBD11F17148},L01-727-3,Outfall,Verified,36,Not A Priority,Dana Point,Unknown,0.006964,Easily accessible,33.47154632,-117.6801255
{A59E35B2-C9EC-4E24-9DB6-266C60FCB072},L01-728-2,Outfall,Verified,54,Not A Priority,Dana Point,Yes,0.001976,Difficult accessibility,33.46469129,-117.6821931
{2A977DCC-7E53-4D85-94F4-061F90A75327},L01-728-3 (L01S02),Box,Verified,NA,Not A Priority,Dana Point,Yes,0.415035,Easily accessible,33.46551766,-117.6821293
{87F2F346-2A95-465B-9529-A030D3DAEC5F},L01-728-4,Outfall,Verified,30,Not A Priority,Dana Point,Unknown,0.007,Easily accessible,33.46674566,-117.6825778
{239C7351-6675-4B26-B959-1D8B4D6371A5},L01-728-5 (L01-DP),Outfall,Verified,60,Priority,Dana Point,Yes,0.016801,Easily accessible,33.46821933,-117.6822113
{997F43C3-4A2E-4C65-8310-72694AD8EF59},L01-728-6,Outfall,Verified,36,Not A Priority,Dana Point,Unknown,0,Easily accessible,33.46971004,-117.6808883
{7A1311A3-7766-418C-8495-C9A419F65188},L01-728-8d,Outfall,Verified,36,Not A Priority,Dana Point,Unknown,0,Easily accessible,33.46066252,-117.6773687
{74BEFDA9-4138-4459-9D5E-A60F88FD79B2},L01-728-9,Outfall,Verified,36,Not A Priority,Dana Point,Unknown,0,Easily accessible,33.47076783,-117.6810851
{58435AF7-EDAB-42CB-9CEF-56F94E800788},L01-730-1,Outfall,Verified,36,Not A Priority,Rancho Santa Margarita,Yes,0.023405,Difficult accessibility,33.62427615,-117.5638832
{3FE0C68B-3BC3-480E-9B51-1965BD8A122E},L01-731-1 (L08TBN2),Outfall,Verified,108,Not A Priority,Rancho Santa Margarita,Yes,0.314453,Difficult accessibility,33.62515116,-117.5659962
{0730A3D5-1756-4C6A-B21F-59D067D3F0B4},L01-733-2,Outfall,Verified,48,Priority,Orange Co,Yes,0.113928,Easily accessible,33.62048468,-117.5826949
{ED00D5DA-856D-4A09-BD27-B31F6E37C9A8},L01-733-4,Outfall,Verified,36,Not A Priority,Orange Co,Unknown,0,Easily accessible,33.62234916,-117.5767137
{9C18A820-40CA-4CA4-B141-8DA9C8401AC6},L01-733-5,Outfall,Verified,36,Not A Priority,Orange Co,Unknown,0,Easily accessible,33.62233779,-117.5767294
{A7A8FD25-EE3B-48B7-BEA2-B78102735AA7},L01-733-7,Outfall,Verified,36,NA,Orange Co,Yes,0.05989,Easily accessible,33.61547579,-117.582427
{5F6222C0-DE3F-465B-ACE2-7BCF51145055},L01-747-1,Outfall,Verified,48,Not A Priority,San Juan Capistrano,Unknown,0.045,Easily accessible,33.50889937,-117.634494
{09587147-64CF-499E-B6F3-CA0AB4A5BB40},L01-747-2,Outfall,Verified,84,Not A Priority,San Juan Capistrano,Unknown,0.025477,Difficult accessibility,33.51060752,-117.6329997
{A91AE436-24A4-4432-8197-13B5F01E53A6},L01-748-1,Outfall,Verified,36,Not A Priority,San Juan Capistrano,Unknown,0,Easily accessible,33.50404364,-117.6428201
{DBC981FA-992C-4171-A16D-E171B6935A16},L01-748-2,Outfall,Verified,36,Not A Priority,San Juan Capistrano,Yes,0,Easily accessible,33.50405528,-117.6428032
{F974B699-BEF5-4874-8BF5-762E5BABC0EC},L01-749-2d,Outfall,Verified,36,NA,San Juan Capistrano,Yes,0.081752,Easily accessible,33.50765555,-117.6402739
{F283626A-51CD-43CB-A8FF-746A67B87B2B},L01-749-3,Outfall,Verified,48,Not A Priority,San Juan Capistrano,Unknown,0,Easily accessible,33.50819168,-117.6389092
{AAAA11DA-67C2-4E13-B18E-11AAEBB0B8F5},L01-749-5,Outfall,Verified,48,NA,San Juan Capistrano,Unknown,0.008383,Easily accessible,33.50917817,-117.636409
{304B7146-FAA4-4C9E-85D8-E0AE384F357F},L01-760-1,Outfall,Verified,48,Priority,Orange Co,Yes,0.019838,Easily accessible,33.56548556,-117.5888817
{2E56C3AD-25AB-4A1C-95D5-7D91A1E793FA},L01-760-2,Outfall,Verified,60,Priority,Orange Co,Yes,0.075477,Easily accessible,33.56826145,-117.5876142
{6B1E2EC8-33C0-45FC-B9F2-95DAAD8E87F9},L01-766-2 (L01S06),Box,Verified,NA,Not A Priority,San Juan Capistrano,Unknown,0.186044,Easily accessible,33.4859114,-117.6721397
{36C58593-1762-4673-9666-5809B7EDC846},L01-766-3,Box,Verified,NA,Priority,San Juan Capistrano,Yes,0.04353,Easily accessible,33.48600546,-117.6702767
{48ACB168-9928-43C5-AAD8-5119F46F8CD3},L01-766-4,Outfall,Verified,48,Not A Priority,San Juan Capistrano,Unknown,0.012121,Difficult accessibility,33.48773917,-117.6675777
{318F725A-895C-4980-B214-CEAEA72603EF},L01-766-5,Outfall,Verified,60,Not A Priority,San Juan Capistrano,Unknown,0,Difficult accessibility,33.48753792,-117.6667832
{2A3C4022-F5F9-4E4D-864F-F04AB86095CF},L01-766-7,Outfall,Verified,42,Not A Priority,San Juan Capistrano,Unknown,8.05E-04,Easily accessible,33.49229156,-117.6631709
{F793BB7D-2AA5-48FA-8294-218E3F3B93B5},L01-766-8,Outfall,Verified,36,Not A Priority,San Juan Capistrano,Unknown,0,Easily accessible,33.49262323,-117.6623404
{897EC9EE-5CAB-4DFE-896A-03DD917D9C2F},L01-766-9,Outfall,Verified,58,Priority,San Juan Capistrano,Yes,0.173904,Easily accessible,33.49653017,-117.65563
{16A76DB0-63C1-4ED7-8125-2F40FB1F2F53},L02-166-1 (L02PXX),Outfall,Verified,54,Not A Priority,Rancho Santa Margarita,Unknown,0.041916,Unaccessible,33.63646746,-117.6196015
{FF3574C5-E460-4A7F-94BD-7DEF35298977},L02-166-2 (L02P25),Outfall,Verified,90,Not A Priority,Rancho Santa Margarita,Yes,0.235352,Easily accessible,33.63762571,-117.6178801
{AED9AC9A-14FC-4E0A-BDF2-5D947063BA3D},L02-166-3 (L02P26),Outfall,Verified,96,Priority,Rancho Santa Margarita,Yes,0.16714,Easily accessible,33.64460825,-117.6137833
{B9C33AB1-61DE-417E-AE9D-511CF2D50E19},L02-198-1 (L02P29),Outfall,Verified,36,Priority,Rancho Santa Margarita,Yes,0.008785,Easily accessible,33.60897066,-117.6262091
{41CB5673-9B11-493E-B0F9-13C85AD6312E},L02-204-1 (L02P45),Outfall,Verified,42,Not A Priority,Rancho Santa Margarita,Unknown,0.021667,Difficult accessibility,33.61912949,-117.6233058
{47F2CB46-F01F-4454-981E-098E7CCE32F4},L02-246-1 (L11P01),Outfall,Verified,66,Priority,Rancho Santa Margarita,Yes,0.052218,Difficult accessibility,33.61046046,-117.6165883
{AE100243-D2E2-4C52-A74B-B024BF8A3C36},L02-344-1,Outfall,Verified,72,Not A Priority,Orange Co,Unknown,0,Easily accessible,33.59197147,-117.6286778
{E885A8CA-0AA1-47CD-A582-4DCD7E616FC7},L02-344-2,Outfall,Verified,40,NA,Orange Co,Yes,0.408144,Easily accessible,33.5918873,-117.6285907
{5281A820-F1BE-47B1-99ED-ECE4A151A02B},L02-359-1 (L02P43),Outfall,Verified,45,Not A Priority,Orange Co,Yes,0.010162,Difficult accessibility,33.57846452,-117.6402224
{34BE191E-FD69-4347-A83F-3FDAA41E39CE},L02-366-1 (MVL02P14),Outfall,Verified,72,Not A Priority,Mission Viejo,Yes,0.039306,Difficult accessibility,33.57029009,-117.6510239
{5DF64E4A-01D2-4F6C-919E-DCBB0BDD3E55},L02-374-1 (L02P50),Outfall,Verified,102,Priority,Orange Co,Yes,0.240898,Easily accessible,33.56985025,-117.6460004
{B1A00FFE-8CDF-4358-8FDF-A6FA58C9C0BA},L02-374-2 (MVL02P20),Outfall,Verified,48,Not A Priority,Orange Co,Unknown,0.008624,Easily accessible,33.57276201,-117.6455771
{516167D7-3F5E-403F-A9CA-5AC1AB5EBF37},L02-396-1,Outfall,Verified,64,Priority,Mission Viejo,Yes,0.023463,Easily accessible,33.5634741,-117.65378
{14FA5899-75CF-4C8D-8DBB-69BF4CCF982A},L02-401-1,Outfall,Verified,60,Not A Priority,Orange Co,Yes,0,Easily accessible,33.56202516,-117.6523431
{6D0EBCA6-4D3F-4C1C-894E-0641CFB65C37},L02-401-2 (COL02P55),Outfall,Verified,42,Not A Priority,Orange Co,Yes,NA,Easily accessible,33.56248186,-117.6507242
{80AEE061-5CEE-4A9A-91C8-024626A1725A},L02-502-1,Box,Verified,NA,Not A Priority,San Juan Capistrano,Yes,0.025518,Unsafe accessibility,33.52457874,-117.6683539
{3912E472-E933-4D2C-AB01-D62EBFBB52E2},L02-502-5,Outfall,Verified,48,Not A Priority,San Juan Capistrano,Unknown,0,Difficult accessibility,33.52712556,-117.6698879
{C5BC5588-D77D-4EF7-9CE0-E8B1DCFE0385},L02-502-6,Outfall,Verified,48,Not A Priority,San Juan Capistrano,Unknown,NA,Unaccessible,33.53046313,-117.6692187
{80D3DC2F-82C1-41D7-B291-FBE03B0CC399},L02-541-2,Outfall,Verified,48,Not A Priority,San Juan Capistrano,Unknown,0,Easily accessible,33.49814985,-117.665777
{182F8328-651A-4982-91BA-8A69837B2509},L02-541-6,Outfall,Verified,48,Priority,San Juan Capistrano,Unknown,0.002973,Easily accessible,33.49977597,-117.6660928
{610DC3A7-793E-4344-A914-88E70E636144},L02-541-7,Outfall,Verified,36,Not A Priority,San Juan Capistrano,Unknown,0,Easily accessible,33.4999239,-117.6664665
{6FE5A355-7E45-4A1E-8A7B-8CD7AB8F0640},L02-541-9 (L02P02),Box,Verified,NA,Not A Priority,San Juan Capistrano,Yes,0.048641,Easily accessible,33.50398585,-117.6675055
{63E80B56-44CC-47BE-96A0-96E180F51F4A},L02-571-1,Outfall,Verified,48,Not A Priority,San Juan Capistrano,Unknown,0,Easily accessible,33.49086494,-117.6661083
{3871EFB2-8754-476F-9342-3419290C4138},L02-571-3,Outfall,Verified,42,Priority,San Juan Capistrano,Yes,0.007712,Easily accessible,33.4952933,-117.6657881
{84E0BC14-2EA7-43A4-9B95-F0347A2814D5},L02-571-5 (L02TBN2),Outfall,Verified,78,Not A Priority,San Juan Capistrano,Yes,0.053191,Easily accessible,33.4977193,-117.6660362
{A8A6C5E9-EB4C-4FB5-8B4D-A18B9FBF9A32},L02-622-1 (L02P28),Outfall,Verified,54,Not A Priority,Rancho Santa Margarita,Unknown,0.014251,Difficult accessibility,33.63591231,-117.6157628
{5F2234C7-A979-43B9-AF39-605D9C45E5BC},L02-622-2 (L02P32),Outfall,Verified,72,Not A Priority,Rancho Santa Margarita,Yes,0.100282,Difficult accessibility,33.6472417,-117.6024623
{8E259E70-CE94-4F00-A10B-A23719A46C04},L02-640-1 (L11P02),Outfall,Verified,90,Not A Priority,Rancho Santa Margarita,Unknown,0.163333,Unsafe accessibility,33.61878174,-117.6092256
{7DFD67EB-AD81-432B-9BA4-25696CAD78C5},L02-641-1,Outfall,Verified,96,Priority,Rancho Santa Margarita,Yes,0.049392,Easily accessible,33.63111175,-117.5948742
{940E7A8B-73AA-47EA-96AA-2A8B9F4D5926},L02-641-2,Outfall,Verified,96,Priority,Rancho Santa Margarita,Yes,0.331514,Easily accessible,33.63110985,-117.5948409
{49BB3F7E-1B73-4CC3-93B9-49EF1F708BBE},L03-074-1 (L03B01),Outfall,Verified,60,Priority,Mission Viejo,Yes,0.199451,Easily accessible,33.63831694,-117.6388327
{6A5E6BA4-3561-44F0-907D-3D9775BDE62E},L03-074-2,Outfall,Verified,42,Priority,Mission Viejo,Yes,0.029399,Easily accessible,33.63946665,-117.6417514
{14CC37CD-8D1D-4824-B51F-D5A645DF23CC},L03-141-1,Outfall,Verified,84,Priority,Mission Viejo,Yes,0.069135,Easily accessible,33.65655234,-117.6343801
{F5FE5213-7964-43D8-9FCF-D95DAD36D8E5},L03-141-2,Outfall,Verified,43,Priority,Mission Viejo,Yes,0.005866,Difficult accessibility,33.65656186,-117.6343822
{E9C93353-55FF-4789-80D4-68FBA02BD5E3},L03-141-3,Outfall,Verified,60,Priority,Mission Viejo,Yes,0.01245,Difficult accessibility,33.65655048,-117.6343664
{82E345FE-8901-4935-B75E-BDD689E85A6F},L03-142-1 (L03P24),Outfall,Verified,66,Not A Priority,Rancho Santa Margarita,Unknown,0.018174,Unaccessible,33.66841401,-117.6207927
{F5690724-C245-4E1E-8E50-C527FA115971},L03-172-2,Outfall,Verified,36,Not A Priority,Mission Viejo,Yes,0.017881,Easily accessible,33.65145331,-117.6388332
{B1EF7D05-C4F9-490F-9BA9-7AFF1949A39B},L03-172-3,Outfall,Verified,42,NA,Mission Viejo,Yes,NA,Difficult accessibility,33.65148883,-117.6374948
{694200E0-F61E-493C-B4FD-35F10C96F460},L03-214-2 (L03P18),Outfall,Verified,96,Priority,Mission Viejo,Yes,0.592284,Easily accessible,33.62371995,-117.642303
{B36B0F25-9FB6-4A77-9FE1-F916D2BDB697},L03-240-1 (L03P14),Outfall,Verified,60,Priority,Mission Viejo,Yes,0.026244,Easily accessible,33.61518584,-117.637065
{8ED5573E-DFDE-4B76-A102-B5B1CF23353B},L03-241-3,Outfall,Verified,18,Not A Priority,Mission Viejo,Yes,0.34292,Difficult accessibility,33.60617429,-117.6478945
{47F716AD-32FA-4E10-9846-98471CD662B4},L03-241-4,Outfall,Verified,42,Priority,Mission Viejo,Yes,0.012388,Easily accessible,33.60922713,-117.6441002
{085CE6CF-F6A5-4D42-8E70-84B8F03CB7C2},L03-316-1,Outfall,Verified,42,Priority,Mission Viejo,Yes,0.034398,Easily accessible,33.59093014,-117.659656
{3F70559C-0FAD-4D97-9983-A4BA1217498F},L03-316-2,Outfall,Verified,36,Priority,Mission Viejo,Yes,0.022959,Easily accessible,33.5909262,-117.6594454
{ADF910F2-1925-4DDA-B329-3228C543E1CB},L03-316-3 (L03P12),Outfall,Verified,78,Priority,Mission Viejo,Yes,0.27494,Easily accessible,33.59601712,-117.6558902
{013DEF0D-A524-413F-A01F-3700B35EEACE},L03-316-4,Outfall,Verified,36,Priority,Mission Viejo,Yes,0.017486,Easily accessible,33.59615775,-117.6560681
{8087A7D1-E729-48B8-B8F0-6F542F01E3FD},L03-418-1,Outfall,Verified,36,Priority,Laguna Niguel,Unknown,0.064963,Easily accessible,33.54734199,-117.6744562
{06560A1C-A452-4CBC-9B61-5BD085C0EC0B},L03-418-2,Outfall,Verified,48,Not A Priority,Laguna Niguel,Unknown,0.007569,Unsafe accessibility,33.55408859,-117.675979
{22376DF3-FDA8-47F9-A88E-F80545512E84},L03-418-3,Outfall,Verified,48,Not A Priority,Laguna Niguel,Unknown,7.22E-04,Unsafe accessibility,33.55476269,-117.675949
{4224C49D-E7E1-4F5C-9724-113E11C9E9A8},L03-418-8,Outfall,Verified,66,Priority,Laguna Niguel,Yes,0.155072,Difficult accessibility,33.55756487,-117.6762969
{7E6762BC-9D48-4526-9D88-1BEE27C84D0A},L03-455-2,Box,Verified,NA,Not A Priority,San Juan Capistrano,Unknown,0.005926,Easily accessible,33.53742708,-117.6756682
{EA609467-FD74-48DE-8B48-BB275FE1F19A},L03-455-3 (L03P37),Outfall,Verified,66,Not A Priority,San Juan Capistrano,Unknown,0,Easily accessible,33.53869777,-117.67557
{B01BBCF8-264F-4698-9E95-E51471EACBB1},L03-455-5,Outfall,Verified,36,Priority,Laguna Niguel,Unknown,0.006883,Easily accessible,33.54240381,-117.6750414
{3D94996A-864A-4B4A-93E9-6D4FAF24B1B7},L03-455-6,Box,Verified,NA,Not A Priority,Laguna Niguel,Unknown,0,Easily accessible,33.54322639,-117.6748448
{0AAC6CCE-7032-4220-AA64-E80986CDB7F2},L03-455-7,Outfall,Verified,36,Priority,Laguna Niguel,Yes,0.052413,Easily accessible,33.54508563,-117.6746544
{3B384AB3-B2C5-46A8-ADAD-9627DEDCF2CB},L03-497-1,Outfall,Verified,36,Not A Priority,San Juan Capistrano,Unknown,0,Difficult accessibility,33.52651547,-117.6794077
{B513414F-444B-44D6-A7C7-D5437FDBC543},L03-662-1,Outfall,Verified,48,Not A Priority,Mission Viejo,Yes,0.019535,Difficult accessibility,33.61812287,-117.6501898
{A410A82C-AF6C-4CCA-BAC5-6E25F4039D41},L03-662-3 (L03P16),Outfall,Verified,60,Priority,Mission Viejo,Yes,0.164525,Easily accessible,33.6246438,-117.6482387
{A46C6F40-FDBC-4070-86ED-866644B07428},L03-691-1 (L03P09),Outfall,Verified,90,Priority,Mission Viejo,Yes,0.31644,Easily accessible,33.58530557,-117.661995
{EA5E6ACE-3E1C-43C1-8629-A007A2C06A36},L03-693-1 (L03P11),Outfall,Verified,60,Priority,Mission Viejo,Yes,0.116283,Easily accessible,33.5977525,-117.6557232
{44E024D0-D161-42C4-B953-3B26BC5AB579},L03-708-1,Outfall,Verified,36,Priority,Laguna Niguel,Yes,0.018177,Easily accessible,33.55749805,-117.6765066
{D0B00686-BBBD-4543-B725-46856EE3A1A0},L03-708-11 (L03P05),Outfall,Verified,60,Priority,Laguna Niguel,Yes,0.129137,Easily accessible,33.56274432,-117.6758612
{20164D58-A077-45A1-8D67-D8C0FBC284B8},L03-708-13,Outfall,Verified,60,Priority,Laguna Niguel,Yes,0.059417,Easily accessible,33.56460646,-117.6737882
{80131D44-20B9-48C8-962C-C75A86DACEB2},L03-708-5,Outfall,Verified,36,Priority,Laguna Niguel,Unknown,0.005715,Easily accessible,33.5611267,-117.6765479
{FD9D5E93-9C46-49EC-B628-B56D1864239C},L03-708-9,Outfall,Verified,48,Priority,Laguna Niguel,Yes,0.049438,Easily accessible,33.56260115,-117.6759396
{B8BEA8A0-3AAC-49CA-83D6-198977198F41},L04-136-1u (L04P07),Box,Verified,NA,Not A Priority,Mission Viejo,Yes,0.360636,Easily accessible,33.60845086,-117.6790109
{91EA8897-0C76-41A3-B3C0-07D7E0E27DB1},L04-266-1,Outfall,Verified,30,Not A Priority,Mission Viejo,Yes,0.00225,Easily accessible,33.60525229,-117.6723842
{9CBD6267-1249-4AB5-AA53-A9CD65501C1D},L04-266-5,Outfall,Verified,78,Priority,Mission Viejo,Yes,0.495302,Difficult accessibility,33.60731231,-117.6688682
{214EC75B-5777-4611-BDFC-D8AD310BF1D9},L04-301-1 (L04P08),Outfall,Verified,48,Priority,Mission Viejo,Yes,0.034968,Easily accessible,33.59956188,-117.6743742
{9559CB47-0239-4B3A-B6FF-38E557824BEC},L04-672-1,Culvert,Verified,84,Priority,Mission Viejo,Yes,0.220338,Difficult accessibility,33.61223316,-117.6806499
{7FD1636E-ED34-4FE6-8232-0809F76D4268},L04-702-1 (L04P02),Outfall,Verified,48,Priority,Mission Viejo,Yes,0.019946,Easily accessible,33.58053553,-117.6732563
{9429FA86-6A47-441F-8775-95A2DA9CACC7},L04-702-4,Outfall,Verified,36,Not A Priority,Mission Viejo,Unknown,0,Easily accessible,33.58274208,-117.6733815
{B2A1E667-9853-4699-9E7C-64A87D6A78B6},L05-049-1,Outfall,Verified,108,Priority,Orange Co,Yes,0.935829,Easily accessible,33.53474488,-117.6461771
{C7C5C7FF-5ABD-4100-A07F-AD4029A16E9D},L05-489-3,Box,Verified,NA,Priority,Orange Co,Yes,0.851665,Easily accessible,33.52979731,-117.6465258
{AB8E0D12-8F63-49AB-B36D-666D80A86575},L05-489-3d,Box,Verified,NA,NA,Orange Co,Yes,1.798552,Easily accessible,33.52889298,-117.6466127
{89504E55-47E7-478E-A5C9-5CFF9D030D7C},L05-489-4,Outfall,Verified,48,Priority,Orange Co,Yes,0.251571,Easily accessible,33.52935447,-117.6460606
{9BFA7A22-DD6F-4A84-9ABE-48063EA402CA},L05-489-7,Outfall,Verified,60,Priority,Orange Co,Yes,0.087582,Easily accessible,33.53268101,-117.6467119
{0D74C298-E380-451C-AD48-D54F338F6F15},L05-503-1,Outfall,Verified,54,Priority,San Juan Capistrano,Yes,0.096261,Easily accessible,33.51066817,-117.657297
{3BF05356-3912-4A4C-A382-01CE34EA71C0},LC01-11446-1,Outfall,Verified,36,Not A Priority,Laguna Beach,Yes,0.014845,Easily accessible,33.55405068,-117.8159011
{08E9EDB0-D8A8-4F38-B83C-6928D509B836},LC01-11480-1,Outfall,Verified,48,Not A Priority,Orange Co,Yes,NA,Easily accessible,33.56102607,-117.8214417
{39B42BE3-2E3A-4C89-B9C2-10A02F3B465A},LC02-11508-2,Outfall,Verified,36,Not A Priority,Laguna Beach,Yes,0.024574,Easily accessible,33.54553099,-117.7953098
{7A79C33A-1E84-41B0-AAFC-7A7C54A33C8A},LC02-11508-3,Outfall,Verified,60,Not A Priority,Laguna Beach,Unknown,0,Easily accessible,33.54502731,-117.7946117
{886775A2-E4C3-48F3-9D28-64111BB5241F},LC03-11515-1,Outfall,Verified,54,NA,Laguna Beach,Unknown,0.016796,Easily accessible,33.51959818,-117.7627439
{3DBCB0DE-8D31-4915-AB29-A58A276E7610},LC04-11199-1,Box,Verified,NA,NA,Laguna Beach,Unknown,0.060779,Unaccessible,33.51671018,-117.7612639
{24F652D0-BF65-4204-9DC3-780FC50FFC89},LC05-11017-1,Outfall,Verified,48,Not A Priority,Laguna Beach,Unknown,0,Easily accessible,33.51296016,-117.7553263
{552A1115-2EB7-48DD-A375-4E5A6EF6FC79},LC05-11017-2,Outfall,Verified,36,NA,Laguna Beach,Yes,0.083233,Easily accessible,33.51543196,-117.7602067
{4234D10E-D9CC-4748-92EA-FECEEAEBE008},LC06-11019-1,Outfall,Verified,24,Not A Priority,Laguna Beach,Yes,0.115647,Easily accessible,33.54303374,-117.7894484
{33142BAF-4557-481B-875A-E7A3CFFBFCB1},LC06-11509-2,Outfall,Verified,24,Not A Priority,Laguna Beach,Yes,0.043337,Difficult accessibility,33.54345499,-117.790776
{A8C3A9D9-CAAA-442E-9D37-D220C50F2F69},M00.1-070-4,Outfall,Verified,48,Not A Priority,San Clemente,Unknown,0,Difficult accessibility,33.41622149,-117.6059491
{F5E329B4-B15E-41B2-BB87-FB07B06BBEE9},M00.1-070-6,Outfall,Verified,44,NA,San Clemente,Unknown,0,Difficult accessibility,33.41592046,-117.6058235
{8E421913-F6B8-41F6-B51D-B3916452A11D},M00.1-071-2 (M00S04),Outfall,Verified,72,Not A Priority,San Clemente,Yes,0.055592,Easily accessible,33.40924767,-117.6086258
{564BA613-62BA-484C-8F8D-10DB77A3916D},M00.1-071-3 (M00S04),Box,Verified,NA,Not A Priority,San Clemente,Unknown,0.051583,Easily accessible,33.41325022,-117.6028145
{5554CB30-DBF5-4F05-9145-3024520F5CD4},M00.2-066-1 (M00S07),Outfall,Verified,48,Not A Priority,San Clemente,Yes,0.013801,Easily accessible,33.42317285,-117.6230471
{679DFBBB-2924-4905-B255-E3AE881E92C0},M01-002-1,Culvert,Verified,36,Not A Priority,Orange Co,Unknown,0,Easily accessible,33.49158814,-117.6128226
{649FA5A0-48F1-45DF-8D90-EA1BFFE30875},M01-003-1,Outfall,Verified,48,Not A Priority,Orange Co,Unknown,0,Easily accessible,33.48892463,-117.613432
{96C849C0-B2F8-43B8-B2D5-8C4C360E9B0B},M01-003-2,Outfall,Verified,84,Not A Priority,Orange Co,Unknown,0,Easily accessible,33.48938794,-117.6137774
{0DF4331E-C350-41BF-969E-1D66F2881789},M01-038-3,Outfall,Verified,90,NA,San Clemente,Unknown,0.016243,Easily accessible,33.46498412,-117.6392495
{AB60FC8E-0055-439B-B787-2F2FED23807A},M01-038-6,Outfall,Verified,48,Priority,San Clemente,Unknown,0.013791,Easily accessible,33.46494371,-117.6392869
{D81C1D29-E0B6-4468-A3DA-A14172F34DD5},M01-042-1 (M01S01),Outfall,Verified,36,Priority,San Clemente,Yes,0.018533,Easily accessible,33.4544419,-117.6234322
{986D4C77-948D-4582-A23D-BF24985A8B51},M01-047-1,Box,Verified,NA,Priority,San Clemente,Unknown,0.392052,Easily accessible,33.44251659,-117.6419381
{0B20DCA2-E5EF-49F5-AEA0-7EF86C614A49},M01-050-4,Outfall,Verified,48,Priority,San Clemente,Yes,0.058505,Easily accessible,33.4458035,-117.6441383
{C9AF768A-2A02-4DA5-A0A2-B1935AC72D2C},M01-050-7,Outfall,Verified,36,NA,San Clemente,Unknown,4.00E-06,Difficult accessibility,33.44302922,-117.6437821
{7E285DCF-C197-4473-A6A6-DE27863098BF},M01-060-3,Box,Verified,NA,Not A Priority,Dana Point,Yes,0.747703,Difficult accessibility,33.44128408,-117.6449966
{43A185DF-1F9A-4C1C-9F07-AA2BE1E7BCB9},M01-099-1,Outfall,Verified,60,Priority,San Clemente,Yes,0.038419,Easily accessible,33.45678981,-117.6422717
{B4FCF9CC-A9DE-46B1-8099-5EE10514BE7E},M01-124-2,Outfall,Verified,36,Priority,San Clemente,Yes,0.01691,Easily accessible,33.45678925,-117.6421943
{FA68CCE1-A2A8-414F-8411-9E05511C841E},M01-124-4,Outfall,Verified,48,NA,San Clemente,Unknown,0.001617,Easily accessible,33.46508952,-117.6391094
{BCEA4CB4-4C65-4F42-B982-CE82FDFD0ABA},M01-168-1d (M00P03),Outfall,Verified,43,NA,Dana Point,Unknown,0,Difficult accessibility,33.44539476,-117.6516165
{CD4DB632-4AF2-493B-8B3C-84DF4057B012},M01-168-2d (M00P03),Outfall,Verified,36,NA,Dana Point,Unknown,NA,Difficult accessibility,33.44455629,-117.6505699
{28818406-BBEA-4536-A70B-7DEA94341A5E},M02-013-1,Outfall,Verified,44,Not A Priority,San Clemente,Yes,NA,Difficult accessibility,33.47448179,-117.5975588
{EE82778D-4874-4889-8E55-64DF8A4422C0},M02-015-1,Outfall,Verified,36,Not A Priority,San Clemente,Yes,0.020964,Easily accessible,33.4781524,-117.5832337
{1707E0E9-430D-4B15-969A-02F4D7D52110},M02-028-2 (M02P08),Outfall,Verified,42,Not A Priority,San Clemente,Yes,0.040333,Easily accessible,33.46680484,-117.5817314
{2B10F0C1-0E21-4FE4-B6F6-8806D0E7CC45},M02-032-1,Outfall,Verified,120,Priority,San Clemente,Yes,0.249153,Easily accessible,33.45754256,-117.6008197
{E7B21F39-AB19-4339-B5EA-533C4BDF4CF1},M02-052-3,Outfall,Verified,54,Priority,San Clemente,Yes,0.100222,Easily accessible,33.45124556,-117.6097812
{3CDC86F8-F190-45F4-8430-F50DADFD797B},M02-052-4,Outfall,Verified,48,Priority,San Clemente,Yes,0.041791,Easily accessible,33.4512808,-117.6097105
{C461CAC3-1849-40E8-B3F7-D3281D347977},M02-061-4 (SCBS@M02),Outfall,Verified,60,Priority,San Clemente,Yes,0.025637,Easily accessible,33.43367233,-117.627245
{CDF7BCAC-53C5-4BB5-A35D-E02581964FBA},M02-061-5,Outfall,Verified,36,Not A Priority,San Clemente,Unknown,0,Easily accessible,33.43437622,-117.6263856
{4D37DA87-C486-40DA-A876-48258EA473E1},M02-061-6,Outfall,Verified,36,Priority,San Clemente,Unknown,0.021885,Easily accessible,33.43589173,-117.6245852
{646C237D-26C0-4619-ADE0-A6C6ECD59481},M02-085-1 (M02P06),Outfall,Verified,48,Priority,San Clemente,Yes,0.064764,Easily accessible,33.45834137,-117.5945709
{1D128A62-EF51-4A28-936B-8E020EBC129D},M02-085-2,Outfall,Verified,96,Priority,San Clemente,Yes,0.260895,Easily accessible,33.45803906,-117.594238
{F86F746E-958B-4AF4-8B9D-F230E1352261},M02-086-1,Outfall,Verified,36,Not A Priority,San Clemente,Unknown,3.71E-04,Easily accessible,33.47727151,-117.5999331
{C05A5DC6-D4EB-49A6-9228-7A922FA90F1E},M02-102-1,Box,Verified,NA,Not A Priority,San Clemente,Yes,0.044,Easily accessible,33.43161352,-117.6327128
{8214846F-F581-46C0-852B-22F6222E000C},SC01-077-1,Outfall,Removed From Inventory,36,Not A Priority,San Clemente,Yes,0.06819,Private property,33.39614302,-117.5998633
{F83925F7-70B4-4C25-8F17-86AD7D1BE492},SC01-077-2,Outfall,Verified,84,Not A Priority,San Clemente,Unknown,0.019583,Difficult accessibility,33.39147614,-117.5979228
{AFE85465-D874-46F9-8D88-24275FC65B8E},SC02-072-4,Outfall,Verified,36,NA,San Clemente,Unknown,NA,Difficult accessibility,33.39993318,-117.601128
{9F0C26C8-D63A-4809-AD72-C714A780C1C6},SC03-067-1,Culvert,Verified,24,Not A Priority,San Clemente,Unknown,0,Easily accessible,33.40518596,-117.6066001
{665C8249-2626-4CF7-81EA-645A6B98A96D},SC05-073-1,Culvert,Verified,48,Not A Priority,San Clemente,Unknown,0.006985,Difficult accessibility,33.41310656,-117.6138318
{42902E2B-56C6-4060-A36D-AEA18B64156E},SC05-073-3,Outfall,Verified,36,Not A Priority,San Clemente,Unknown,0.003033,Difficult accessibility,33.41570249,-117.6123332
{839E2352-454E-4F0A-8BF2-3ECBF7506A2F},SC06-146-1 (M00P02),Outfall,Verified,36,Not A Priority,San Clemente,Yes,0.012171,Easily accessible,33.41716959,-117.6177676
{39F60971-71F5-4FB5-A552-55C3B268E8F1},SC06-146-2 (M00P02),Outfall,Verified,60,Not A Priority,San Clemente,Unknown,0.055893,Easily accessible,33.41781321,-117.617879
{2469619B-A75B-4EF1-A5FC-DCC2D95A044B},SC07-079-4,Culvert,Verified,42,Not A Priority,San Clemente,Yes,0.027984,Easily accessible,33.42505168,-117.6261067
{03864DBD-D87D-474A-A6EE-7F78E41DD1AA},SC07-079-5,Outfall,Verified,48,Not A Priority,San Clemente,Unknown,0.201763,Easily accessible,33.42428496,-117.6252768
{E9218AF6-1B54-445E-9A38-6540931E914C},SC09-081-2d,Outfall,Verified,48,NA,San Clemente,Yes,0.072646,Difficult accessibility,33.43542344,-117.6377743
{748CBFDA-8025-4C6A-B624-233108952C44},SC10-075-1d (M00P05),Outfall,Verified,36,NA,Dana Point,Yes,0.009482,Easily accessible,33.4531274,-117.6653541
{92FD4B23-81CC-4502-900C-CEB7FD1AB061},SC10-075-3 (M00S01),Box,Verified,NA,NA,Dana Point,Yes,0.36,Difficult accessibility,33.45040644,-117.6596556
{7BC19F3E-F96A-4680-97D9-CFCD38CE4F28},SC11-026-1 (M00P01),Box,Verified,NA,Not A Priority,Dana Point,Unknown,0.092087,Easily accessible,33.45391971,-117.6664721
{3B52E0AD-1DF2-44A3-B49D-8D34966FF565},SC11-035-1d,Outfall,Verified,36,Not A Priority,Dana Point,Unknown,0,Easily accessible,33.45963579,-117.6756602
{0E4D95D6-8AD7-457D-929B-ABD734ED7531},SC11-035-2d,Outfall,Verified,36,NA,Dana Point,Unknown,0,Easily accessible,33.45862582,-117.673983
{BBC10ACC-C12B-4BF8-854C-F341793E1E96},SC11-035-3d,Outfall,Verified,36,NA,Dana Point,Unknown,0,Easily accessible,33.45702672,-117.6711096
{DE0020F6-684A-482B-8896-B9B1BD8DEE8C},SC11-130-2,Outfall,Verified,42,NA,Dana Point,Unknown,0.013885,Easily accessible,33.45571318,-117.669159
{98B44F39-2446-4B60-A2A7-E75C37BDE055},SC12-068-2,Outfall,Verified,36,Not A Priority,San Clemente,Yes,0.009971,Easily accessible,33.42060549,-117.6210044
{8EA7D45C-F7B0-4458-86E9-AD604FC84803},SC12-068-4,Outfall,Verified,36,Not A Priority,San Clemente,Unknown,0.0089,Easily accessible,33.41952553,-117.6201899
{51E3B119-6EF4-4695-B9F3-3FFABED66286},SM01-086-1 (M03P01),Outfall,Verified,42,Not A Priority,San Clemente,Unknown,NA,Difficult accessibility,33.45602873,-117.5736302
{3F28F93D-68A5-4355-B7E9-8E704FB9707E},SM01-086-2,Outfall,Verified,42,Not A Priority,San Clemente,Unknown,0.02,Unaccessible,33.45607639,-117.5732588
