"","AvgDischarge","FacilityID","FlowCondition","ObsRecordDate","PersistentFlow","FlowConnectivity","Priority","PrioritizationScore2022","FloatDischargeCFS","VolumeDischargeCFS","PointY","PointX","JURISDICTI2","Acres","AREA","PERCENTAGE","area_acres","JURISDICTI"
"1",0.051357,"L01-340-1","Flowing",2021-07-15,"Yes",NA,"Priority",39,0.012,NA,33.58696205,-117.59544022,"ORANGE CO",284.5322921,167.4151527,98.78639742,169.47171779,"ORANGE CO"
"2",0.051357,"L01-340-1","Flowing",2021-07-15,"Yes",NA,"Priority",39,0.012,NA,33.58696205,-117.59544022,"RANCHO SANTA MARGARITA",2.056714849,2.05671495,1.213602575,169.47171779,"ORANGE CO"
"3",0.051357,"L01-340-1","Flowing",2023-06-27,"Yes","Unsafe to Access","Priority",39,0.026406,NA,33.58696205,-117.59544022,"ORANGE CO",284.5322921,167.4151527,98.78639742,169.47171779,"ORANGE CO"
"4",0.051357,"L01-340-1","Flowing",2023-06-27,"Yes","Unsafe to Access","Priority",39,0.026406,NA,33.58696205,-117.59544022,"RANCHO SANTA MARGARITA",2.056714849,2.05671495,1.213602575,169.47171779,"ORANGE CO"
"5",0.051357,"L01-340-1","Flowing",2021-08-17,"Yes","Undetermined","Priority",39,0.03825,NA,33.58696205,-117.59544022,"ORANGE CO",284.5322921,167.4151527,98.78639742,169.47171779,"ORANGE CO"
"6",0.051357,"L01-340-1","Flowing",2021-08-17,"Yes","Undetermined","Priority",39,0.03825,NA,33.58696205,-117.59544022,"RANCHO SANTA MARGARITA",2.056714849,2.05671495,1.213602575,169.47171779,"ORANGE CO"
"7",0.051357,"L01-340-1","Flowing",2021-05-26,"Yes","Undetermined","Priority",39,0.150862,NA,33.58696205,-117.59544022,"ORANGE CO",284.5322921,167.4151527,98.78639742,169.47171779,"ORANGE CO"
"8",0.051357,"L01-340-1","Flowing",2021-05-26,"Yes","Undetermined","Priority",39,0.150862,NA,33.58696205,-117.59544022,"RANCHO SANTA MARGARITA",2.056714849,2.05671495,1.213602575,169.47171779,"ORANGE CO"
"9",0.051357,"L01-340-1","Flowing",2021-08-03,"Yes","Undetermined","Priority",39,0.036,0.025,33.58696205,-117.59544022,"ORANGE CO",284.5322921,167.4151527,98.78639742,169.47171779,"ORANGE CO"
"10",0.051357,"L01-340-1","Flowing",2021-08-03,"Yes","Undetermined","Priority",39,0.036,0.025,33.58696205,-117.59544022,"RANCHO SANTA MARGARITA",2.056714849,2.05671495,1.213602575,169.47171779,"ORANGE CO"
"11",0.051357,"L01-340-1","Flowing",2020-12-18,"Yes","Undetermined","Priority",39,0.033,NA,33.58696205,-117.59544022,"ORANGE CO",284.5322921,167.4151527,98.78639742,169.47171779,"ORANGE CO"
"12",0.051357,"L01-340-1","Flowing",2020-12-18,"Yes","Undetermined","Priority",39,0.033,NA,33.58696205,-117.59544022,"RANCHO SANTA MARGARITA",2.056714849,2.05671495,1.213602575,169.47171779,"ORANGE CO"
"13",0.051357,"L01-340-1","Flowing",2021-07-19,"Yes","Undetermined","Priority",39,0.014571,NA,33.58696205,-117.59544022,"ORANGE CO",284.5322921,167.4151527,98.78639742,169.47171779,"ORANGE CO"
"14",0.051357,"L01-340-1","Flowing",2021-07-19,"Yes","Undetermined","Priority",39,0.014571,NA,33.58696205,-117.59544022,"RANCHO SANTA MARGARITA",2.056714849,2.05671495,1.213602575,169.47171779,"ORANGE CO"
"15",0.051357,"L01-340-1","Flowing",2022-08-24,"Yes","Undetermined","Priority",39,0.001809,NA,33.58696205,-117.59544022,"ORANGE CO",284.5322921,167.4151527,98.78639742,169.47171779,"ORANGE CO"
"16",0.051357,"L01-340-1","Flowing",2022-08-24,"Yes","Undetermined","Priority",39,0.001809,NA,33.58696205,-117.59544022,"RANCHO SANTA MARGARITA",2.056714849,2.05671495,1.213602575,169.47171779,"ORANGE CO"
"17",0.051357,"L01-340-1","Flowing",2021-08-11,"Yes","Undetermined","Priority",39,0.108,NA,33.58696205,-117.59544022,"ORANGE CO",284.5322921,167.4151527,98.78639742,169.47171779,"ORANGE CO"
"18",0.051357,"L01-340-1","Flowing",2021-08-11,"Yes","Undetermined","Priority",39,0.108,NA,33.58696205,-117.59544022,"RANCHO SANTA MARGARITA",2.056714849,2.05671495,1.213602575,169.47171779,"ORANGE CO"
"19",0.051357,"L01-340-1","Flowing",2023-08-15,"Yes","Direct Connection","Priority",39,0.048,0.016,33.58696205,-117.59544022,"ORANGE CO",284.5322921,167.4151527,98.78639742,169.47171779,"ORANGE CO"
"20",0.051357,"L01-340-1","Flowing",2023-08-15,"Yes","Direct Connection","Priority",39,0.048,0.016,33.58696205,-117.59544022,"RANCHO SANTA MARGARITA",2.056714849,2.05671495,1.213602575,169.47171779,"ORANGE CO"
"21",0.051357,"L01-340-1","Flowing",2021-08-02,"Yes","Undetermined","Priority",39,0.048,NA,33.58696205,-117.59544022,"ORANGE CO",284.5322921,167.4151527,98.78639742,169.47171779,"ORANGE CO"
"22",0.051357,"L01-340-1","Flowing",2021-08-02,"Yes","Undetermined","Priority",39,0.048,NA,33.58696205,-117.59544022,"RANCHO SANTA MARGARITA",2.056714849,2.05671495,1.213602575,169.47171779,"ORANGE CO"
"23",0.051357,"L01-340-1","Flowing",2022-06-16,"Yes","Undetermined","Priority",39,0.017829,0.008,33.58696205,-117.59544022,"ORANGE CO",284.5322921,167.4151527,98.78639742,169.47171779,"ORANGE CO"
"24",0.051357,"L01-340-1","Flowing",2022-06-16,"Yes","Undetermined","Priority",39,0.017829,0.008,33.58696205,-117.59544022,"RANCHO SANTA MARGARITA",2.056714849,2.05671495,1.213602575,169.47171779,"ORANGE CO"
"25",0,"L01-733-4","Dry",2022-09-19,"Unknown","None - Flow Infiltrates or Outfall is Dry","Not A Priority",NA,NA,NA,33.62235401,-117.57672575,"ORANGE CO",86.14627093,50.68736133,100,50.68731652,"ORANGE CO"
"26",0,"L01-733-4","Dry",2023-05-31,"Unknown","None - Flow Infiltrates or Outfall is Dry","Not A Priority",NA,NA,NA,33.62235401,-117.57672575,"ORANGE CO",86.14627093,50.68736133,100,50.68731652,"ORANGE CO"
"27",0,"L01-733-4","Dry",2023-08-15,"Unknown","None - Flow Infiltrates or Outfall is Dry","Not A Priority",NA,NA,NA,33.62235401,-117.57672575,"ORANGE CO",86.14627093,50.68736133,100,50.68731652,"ORANGE CO"
"28",0,"L01-733-4","Dry",2022-08-01,"Unknown","None - Flow Infiltrates or Outfall is Dry","Not A Priority",NA,NA,NA,33.62235401,-117.57672575,"ORANGE CO",86.14627093,50.68736133,100,50.68731652,"ORANGE CO"
"29",0.408144,"L02-344-2","Pooled or Ponded",2023-08-17,"Yes",NA,NA,NA,NA,NA,33.59189214,-117.62860278,NA,NA,NA,NA,NA,"ORANGE CO"
"30",0.408144,"L02-344-2","Pooled or Ponded",2023-06-01,"Yes","Unsafe to Access",NA,NA,NA,NA,33.59189214,-117.62860278,NA,NA,NA,NA,NA,"ORANGE CO"
"31",0.408144,"L02-344-2","Pooled or Ponded",2022-07-26,"Yes","Undetermined",NA,NA,NA,NA,33.59189214,-117.62860278,NA,NA,NA,NA,NA,"ORANGE CO"
"32",0.408144,"L02-344-2","Flowing",2021-05-03,"Yes","Undetermined",NA,NA,0.42,NA,33.59189214,-117.62860278,NA,NA,NA,NA,NA,"ORANGE CO"
"33",0.408144,"L02-344-2","Flowing",2022-09-19,"Yes","Undetermined",NA,NA,0.06,NA,33.59189214,-117.62860278,NA,NA,NA,NA,NA,"ORANGE CO"
"34",0.02934,"L01-517-6","Flowing",2021-08-12,"Unknown","Undetermined",NA,NA,0.06,NA,33.52411358,-117.61898895,"ORANGE CO",23.5456927,13.85398371,100,13.85397146,"ORANGE CO"
"35",0.02934,"L01-517-6","Other - See Comments",2023-08-14,"Unknown",NA,NA,NA,NA,NA,33.52411358,-117.61898895,"ORANGE CO",23.5456927,13.85398371,100,13.85397146,"ORANGE CO"
"36",0.02934,"L01-517-6",NA,2023-05-30,"Unknown","Undetermined",NA,NA,NA,NA,33.52411358,-117.61898895,"ORANGE CO",23.5456927,13.85398371,100,13.85397146,"ORANGE CO"
"37",0.02934,"L01-517-6","Flowing",2021-05-03,"Unknown","Direct Connection",NA,NA,0.036,NA,33.52411358,-117.61898895,"ORANGE CO",23.5456927,13.85398371,100,13.85397146,"ORANGE CO"
"38",0.02934,"L01-517-6","Flowing",2022-09-27,"Unknown","Undetermined",NA,NA,0.009,0.007,33.52411358,-117.61898895,"ORANGE CO",23.5456927,13.85398371,100,13.85397146,"ORANGE CO"
"39",0.02934,"L01-517-6","Flowing",2022-05-31,"Unknown","Undetermined",NA,NA,0.03,NA,33.52411358,-117.61898895,"ORANGE CO",23.5456927,13.85398371,100,13.85397146,"ORANGE CO"
"40",0.020775,"L01-303-4",NA,2023-08-15,"Unknown",NA,"Priority",47,NA,NA,33.596022,-117.584659,NA,NA,NA,NA,NA,"ORANGE CO"
"41",0.020775,"L01-303-4","Flowing",2021-08-16,"Unknown","Partial - Significant Distance","Priority",47,0.005854,0.001,33.596022,-117.584659,NA,NA,NA,NA,NA,"ORANGE CO"
"42",0.020775,"L01-303-4","Other - See Comments",2023-05-31,"Unknown",NA,"Priority",47,NA,NA,33.596022,-117.584659,NA,NA,NA,NA,NA,"ORANGE CO"
"43",0.020775,"L01-303-4","Flowing",2021-05-03,"Unknown","Direct Connection","Priority",47,0.0021,NA,33.596022,-117.584659,NA,NA,NA,NA,NA,"ORANGE CO"
"44",0.020775,"L01-303-4","Flowing",2022-09-26,"Unknown","Direct Connection","Priority",47,0.018,NA,33.596022,-117.584659,NA,NA,NA,NA,NA,"ORANGE CO"
"45",0.020775,"L01-303-4","Flowing",2022-08-01,"Unknown","Direct Connection","Priority",47,0.068571,0.019,33.596022,-117.584659,NA,NA,NA,NA,NA,"ORANGE CO"
"46",0.020775,"L01-303-4","Flowing",2022-08-01,"Unknown","Direct Connection","Priority",47,0.068571,0.019,33.596022,-117.584659,NA,NA,NA,NA,NA,"ORANGE CO"
"47",0.07,"L01-303-2","Pooled or Ponded",2021-08-16,"Yes","Direct Connection","Priority",48,NA,NA,33.59293399,-117.58507153,NA,NA,NA,NA,NA,"ORANGE CO"
"48",0.07,"L01-303-2","Pooled or Ponded",2022-08-08,"Yes","Direct Connection","Priority",48,NA,NA,33.59293399,-117.58507153,NA,NA,NA,NA,NA,"ORANGE CO"
"49",0.07,"L01-303-2","Pooled or Ponded",2022-09-19,"Yes","Direct Connection","Priority",48,NA,NA,33.59293399,-117.58507153,NA,NA,NA,NA,NA,"ORANGE CO"
"50",0.07,"L01-303-2",NA,2023-08-15,"Yes",NA,"Priority",48,NA,NA,33.59293399,-117.58507153,NA,NA,NA,NA,NA,"ORANGE CO"
"51",0.07,"L01-303-2","Pooled or Ponded",2021-05-03,"Yes","Direct Connection","Priority",48,NA,NA,33.59293399,-117.58507153,NA,NA,NA,NA,NA,"ORANGE CO"
"52",0.07,"L01-303-2","Pooled or Ponded",2023-05-31,"Yes","Direct Connection","Priority",48,NA,NA,33.59293399,-117.58507153,NA,NA,NA,NA,NA,"ORANGE CO"
"53",0.012479,"L01-391-3","Flowing",2021-05-03,"Unknown","Direct Connection","Not A Priority",NA,0.006,NA,33.57839188,-117.58682518,"ORANGE CO",145.3267646,85.50840504,100,85.50832944,"ORANGE CO"
"54",0.012479,"L01-391-3","Pooled or Ponded",2023-05-31,"Unknown","Direct Connection","Not A Priority",NA,NA,NA,33.57839188,-117.58682518,"ORANGE CO",145.3267646,85.50840504,100,85.50832944,"ORANGE CO"
"55",0.012479,"L01-391-3","Flowing",2022-09-19,"Unknown","Direct Connection","Not A Priority",NA,0.03,NA,33.57839188,-117.58682518,"ORANGE CO",145.3267646,85.50840504,100,85.50832944,"ORANGE CO"
"56",0.012479,"L01-391-3","Flowing",2021-08-16,"Unknown","Direct Connection","Not A Priority",NA,0.00225,NA,33.57839188,-117.58682518,"ORANGE CO",145.3267646,85.50840504,100,85.50832944,"ORANGE CO"
"57",0.012479,"L01-391-3","Other - See Comments",2023-08-15,"Unknown",NA,"Not A Priority",NA,NA,NA,33.57839188,-117.58682518,"ORANGE CO",145.3267646,85.50840504,100,85.50832944,"ORANGE CO"
"58",0.012479,"L01-391-3","Flowing",2022-08-01,"Unknown","Direct Connection","Not A Priority",NA,0.011667,NA,33.57839188,-117.58682518,"ORANGE CO",145.3267646,85.50840504,100,85.50832944,"ORANGE CO"
"59",0.0852,"L01-404-1","Flowing",2023-08-15,"Yes","Undetermined","Priority",60,0.092647,0.048,33.56452183,-117.58584662,"ORANGE CO",404.1397577,237.7906519,100,237.79044171,"ORANGE CO"
"60",0.0852,"L01-404-1","Flowing",2021-08-17,"Yes","Undetermined","Priority",60,0.063771,NA,33.56452183,-117.58584662,"ORANGE CO",404.1397577,237.7906519,100,237.79044171,"ORANGE CO"
"61",0.0852,"L01-404-1","Flowing",2022-06-16,"Yes","Undetermined","Priority",60,0.063,0.025,33.56452183,-117.58584662,"ORANGE CO",404.1397577,237.7906519,100,237.79044171,"ORANGE CO"
"62",0.0852,"L01-404-1","Flowing",2021-05-26,"Yes","Undetermined","Priority",60,0.157143,NA,33.56452183,-117.58584662,"ORANGE CO",404.1397577,237.7906519,100,237.79044171,"ORANGE CO"
"63",0.0852,"L01-404-1","Flowing",2021-08-03,"Yes","Undetermined","Priority",60,0.162,0.027,33.56452183,-117.58584662,"ORANGE CO",404.1397577,237.7906519,100,237.79044171,"ORANGE CO"
"64",0.0852,"L01-404-1","Flowing",2021-08-02,"Yes","Undetermined","Priority",60,0.162,NA,33.56452183,-117.58584662,"ORANGE CO",404.1397577,237.7906519,100,237.79044171,"ORANGE CO"
"65",0.0852,"L01-404-1","Flowing",2021-08-11,"Yes","Undetermined","Priority",60,0.1296,NA,33.56452183,-117.58584662,"ORANGE CO",404.1397577,237.7906519,100,237.79044171,"ORANGE CO"
"66",0.0852,"L01-404-1","Flowing",2021-07-19,"Yes","Undetermined","Priority",60,0.07875,NA,33.56452183,-117.58584662,"ORANGE CO",404.1397577,237.7906519,100,237.79044171,"ORANGE CO"
"67",0.0852,"L01-404-1","Flowing",2021-07-15,"Yes","Undetermined","Priority",60,0.144,NA,33.56452183,-117.58584662,"ORANGE CO",404.1397577,237.7906519,100,237.79044171,"ORANGE CO"
"68",0.0852,"L01-404-1","Flowing",2023-06-27,"Yes","Undetermined","Priority",60,0.087449,0.039,33.56452183,-117.58584662,"ORANGE CO",404.1397577,237.7906519,100,237.79044171,"ORANGE CO"
"69",0.0852,"L01-404-1","Flowing",2022-08-24,"Yes","Undetermined","Priority",60,0.084647,NA,33.56452183,-117.58584662,"ORANGE CO",404.1397577,237.7906519,100,237.79044171,"ORANGE CO"
"70",0.807645,"L05-489-3","Flowing",2022-09-06,"Yes","Direct Connection","Priority",90,0.63,NA,33.52980214,-117.6465378,"ORANGE CO",3114.401851,1832.47412,100,1832.47249969,"ORANGE CO"
"71",0.807645,"L05-489-3","Flowing",2021-09-09,"Yes","Direct Connection","Priority",90,1.008,NA,33.52980214,-117.6465378,"ORANGE CO",3114.401851,1832.47412,100,1832.47249969,"ORANGE CO"
"72",0.807645,"L05-489-3","Flowing",2023-08-16,"Yes","Direct Connection","Priority",90,1.1151,0.309,33.52980214,-117.6465378,"ORANGE CO",3114.401851,1832.47412,100,1832.47249969,"ORANGE CO"
"73",0.807645,"L05-489-3","Flowing",2022-06-16,"Yes","Direct Connection","Priority",90,1.516667,NA,33.52980214,-117.6465378,"ORANGE CO",3114.401851,1832.47412,100,1832.47249969,"ORANGE CO"
"74",0.807645,"L05-489-3","Flowing",2021-05-26,"Yes","Direct Connection","Priority",90,0.804632,NA,33.52980214,-117.6465378,"ORANGE CO",3114.401851,1832.47412,100,1832.47249969,"ORANGE CO"
"75",0.807645,"L05-489-3","Flowing",2023-06-27,"Yes","Direct Connection","Priority",90,0.59083,0.38,33.52980214,-117.6465378,"ORANGE CO",3114.401851,1832.47412,100,1832.47249969,"ORANGE CO"
"76",0.996847,"L05-049-1","Flowing",2023-06-27,"Yes","Direct Connection","Priority",65,0.213953,0.128,33.53474971,-117.64618912,"ORANGE CO",812.8558897,478.2739839,100,478.27356101,"ORANGE CO"
"77",0.996847,"L05-049-1","Flowing",2023-08-16,"Yes","Direct Connection","Priority",65,0.220708,0.116,33.53474971,-117.64618912,"ORANGE CO",812.8558897,478.2739839,100,478.27356101,"ORANGE CO"
"78",0.996847,"L05-049-1","Flowing",2021-10-26,"Yes","Direct Connection","Priority",65,0.2496,NA,33.53474971,-117.64618912,"ORANGE CO",812.8558897,478.2739839,100,478.27356101,"ORANGE CO"
"79",0.996847,"L05-049-1","Flowing",2021-09-09,"Yes","Direct Connection","Priority",65,0.053333,NA,33.53474971,-117.64618912,"ORANGE CO",812.8558897,478.2739839,100,478.27356101,"ORANGE CO"
"80",0.996847,"L05-049-1","Flowing",2021-05-26,"Yes","Direct Connection","Priority",65,0.158815,NA,33.53474971,-117.64618912,"ORANGE CO",812.8558897,478.2739839,100,478.27356101,"ORANGE CO"
"81",0.996847,"L05-049-1","Flowing",2022-09-06,"Yes","Direct Connection","Priority",65,0.6,0.163,33.53474971,-117.64618912,"ORANGE CO",812.8558897,478.2739839,100,478.27356101,"ORANGE CO"
"82",0.996847,"L05-049-1","Flowing",2022-06-16,"Yes","Direct Connection","Priority",65,0.430769,NA,33.53474971,-117.64618912,"ORANGE CO",812.8558897,478.2739839,100,478.27356101,"ORANGE CO"
"83",0.996847,"L05-049-1","Flowing",2022-12-08,"Yes","Direct Connection","Priority",65,0.14,NA,33.53474971,-117.64618912,"ORANGE CO",812.8558897,478.2739839,100,478.27356101,"ORANGE CO"
"84",0.008624,"L02-374-2 (MVL02P20)","Other - See Comments",2023-08-17,"Unknown","None - Flow Infiltrates or Outfall is Dry","Not A Priority",NA,NA,NA,33.57276685,-117.64558911,"MISSION VIEJO",84.33812721,84.33772952,100,84.33765496,"ORANGE CO"
"85",0.008624,"L02-374-2 (MVL02P20)","Flowing",2021-04-29,"Unknown","Undetermined","Not A Priority",NA,0.0408,NA,33.57276685,-117.64558911,"MISSION VIEJO",84.33812721,84.33772952,100,84.33765496,"ORANGE CO"
"86",0.008624,"L02-374-2 (MVL02P20)","Flowing",2022-09-26,"Unknown","Undetermined","Not A Priority",NA,NA,NA,33.57276685,-117.64558911,"MISSION VIEJO",84.33812721,84.33772952,100,84.33765496,"ORANGE CO"
"87",0.008624,"L02-374-2 (MVL02P20)","Flowing",2022-06-17,"Unknown","Undetermined","Not A Priority",NA,0.01,NA,33.57276685,-117.64558911,"MISSION VIEJO",84.33812721,84.33772952,100,84.33765496,"ORANGE CO"
"88",0.008624,"L02-374-2 (MVL02P20)","Pooled or Ponded",2021-08-12,"Unknown",NA,"Not A Priority",NA,NA,NA,33.57276685,-117.64558911,"MISSION VIEJO",84.33812721,84.33772952,100,84.33765496,"ORANGE CO"
"89",0.008624,"L02-374-2 (MVL02P20)","Dry",2023-06-01,"Unknown","Unsafe to Access","Not A Priority",NA,NA,NA,33.57276685,-117.64558911,"MISSION VIEJO",84.33812721,84.33772952,100,84.33765496,"ORANGE CO"
"90",0,"L02-344-1","Pooled or Ponded",2022-07-26,"Unknown","Undetermined","Not A Priority",NA,NA,NA,33.59197631,-117.62868986,"ORANGE CO",301.1810326,177.2110581,99.37899245,178.3182714,"ORANGE CO"
"91",0,"L02-344-1","Pooled or Ponded",2022-07-26,"Unknown","Undetermined","Not A Priority",NA,NA,NA,33.59197631,-117.62868986,"RANCHO SANTA MARGARITA",1.107371133,1.107371188,0.621007707,178.3182714,"ORANGE CO"
"92",0,"L02-344-1","Pooled or Ponded",2021-05-03,"Unknown","Direct Connection","Not A Priority",NA,NA,NA,33.59197631,-117.62868986,"ORANGE CO",301.1810326,177.2110581,99.37899245,178.3182714,"ORANGE CO"
"93",0,"L02-344-1","Pooled or Ponded",2021-05-03,"Unknown","Direct Connection","Not A Priority",NA,NA,NA,33.59197631,-117.62868986,"RANCHO SANTA MARGARITA",1.107371133,1.107371188,0.621007707,178.3182714,"ORANGE CO"
"94",0,"L02-344-1","Dry",2023-08-17,"Unknown","None - Flow Infiltrates or Outfall is Dry","Not A Priority",NA,NA,NA,33.59197631,-117.62868986,"ORANGE CO",301.1810326,177.2110581,99.37899245,178.3182714,"ORANGE CO"
"95",0,"L02-344-1","Dry",2023-08-17,"Unknown","None - Flow Infiltrates or Outfall is Dry","Not A Priority",NA,NA,NA,33.59197631,-117.62868986,"RANCHO SANTA MARGARITA",1.107371133,1.107371188,0.621007707,178.3182714,"ORANGE CO"
"96",0,"L02-344-1","Dry",2023-06-01,"Unknown","None - Flow Infiltrates or Outfall is Dry","Not A Priority",NA,NA,NA,33.59197631,-117.62868986,"ORANGE CO",301.1810326,177.2110581,99.37899245,178.3182714,"ORANGE CO"
"97",0,"L02-344-1","Dry",2023-06-01,"Unknown","None - Flow Infiltrates or Outfall is Dry","Not A Priority",NA,NA,NA,33.59197631,-117.62868986,"RANCHO SANTA MARGARITA",1.107371133,1.107371188,0.621007707,178.3182714,"ORANGE CO"
"98",0,"L02-344-1","Dry",2022-09-19,"Unknown","None - Flow Infiltrates or Outfall is Dry","Not A Priority",NA,NA,NA,33.59197631,-117.62868986,"ORANGE CO",301.1810326,177.2110581,99.37899245,178.3182714,"ORANGE CO"
"99",0,"L02-344-1","Dry",2022-09-19,"Unknown","None - Flow Infiltrates or Outfall is Dry","Not A Priority",NA,NA,NA,33.59197631,-117.62868986,"RANCHO SANTA MARGARITA",1.107371133,1.107371188,0.621007707,178.3182714,"ORANGE CO"
"100",1.889189,"L05-489-3d","Flowing",2023-06-27,"Yes","Direct Connection",NA,NA,1.207154,NA,33.52889781,-117.64662476,"ORANGE CO",3280.7175,1930.332115,100,1930.33211516,"ORANGE CO"
"101",1.889189,"L05-489-3d","Flowing",2021-09-09,"Yes","Direct Connection",NA,NA,1.43,NA,33.52889781,-117.64662476,"ORANGE CO",3280.7175,1930.332115,100,1930.33211516,"ORANGE CO"
"102",1.889189,"L05-489-3d","Flowing",2022-09-06,"Yes","Direct Connection",NA,NA,2.053333,NA,33.52889781,-117.64662476,"ORANGE CO",3280.7175,1930.332115,100,1930.33211516,"ORANGE CO"
"103",1.889189,"L05-489-3d","Flowing",2022-06-16,"Yes","Direct Connection",NA,NA,1.96248,NA,33.52889781,-117.64662476,"ORANGE CO",3280.7175,1930.332115,100,1930.33211516,"ORANGE CO"
"104",1.889189,"L05-489-3d","Flowing",2023-08-16,"Yes","Direct Connection",NA,NA,0.837126,NA,33.52889781,-117.64662476,"ORANGE CO",3280.7175,1930.332115,100,1930.33211516,"ORANGE CO"
"105",1.889189,"L05-489-3d","Flowing",2021-05-26,"Yes","Direct Connection",NA,NA,1.08,NA,33.52889781,-117.64662476,"ORANGE CO",3280.7175,1930.332115,100,1930.33211516,"ORANGE CO"
"106",0.069986,"L01-733-7","Flowing",2022-09-26,"Yes","Direct Connection",NA,NA,0.0576,NA,33.61548064,-117.58243899,NA,NA,NA,NA,NA,"ORANGE CO"
"107",0.069986,"L01-733-7","Flowing",2023-08-15,"Yes","Undetermined",NA,NA,0.016891,NA,33.61548064,-117.58243899,NA,NA,NA,NA,NA,"ORANGE CO"
"108",0.069986,"L01-733-7","Flowing",2023-05-31,"Yes","Direct Connection",NA,NA,0.145455,NA,33.61548064,-117.58243899,NA,NA,NA,NA,NA,"ORANGE CO"
"109",0.069986,"L01-733-7","Flowing",2022-09-19,"Yes","Direct Connection",NA,NA,0.06,NA,33.61548064,-117.58243899,NA,NA,NA,NA,NA,"ORANGE CO"
"110",0,"L01-399-1","Dry",2021-04-13,"Unknown","None - Flow Infiltrates or Outfall is Dry",NA,NA,NA,NA,33.56325497,-117.54652304,NA,NA,NA,NA,NA,"ORANGE CO"
"111",0,"L01-399-1",NA,2023-08-17,"Unknown",NA,NA,NA,NA,NA,33.56325497,-117.54652304,NA,NA,NA,NA,NA,"ORANGE CO"
"112",0,"L01-399-1","Dry",2021-04-29,"Unknown","None - Flow Infiltrates or Outfall is Dry",NA,NA,NA,NA,33.56325497,-117.54652304,NA,NA,NA,NA,NA,"ORANGE CO"
"113",0,"L01-733-5","Dry",2022-08-01,"Unknown","None - Flow Infiltrates or Outfall is Dry","Not A Priority",NA,NA,NA,33.62234264,-117.57674145,NA,NA,NA,NA,NA,"ORANGE CO"
"114",0,"L01-733-5","Dry",2023-05-31,"Unknown",NA,"Not A Priority",NA,NA,NA,33.62234264,-117.57674145,NA,NA,NA,NA,NA,"ORANGE CO"
"115",0,"L01-733-5","Dry",2022-09-19,"Unknown","None - Flow Infiltrates or Outfall is Dry","Not A Priority",NA,NA,NA,33.62234264,-117.57674145,NA,NA,NA,NA,NA,"ORANGE CO"
"116",0,"L01-733-5","Dry",2023-08-15,"Unknown","None - Flow Infiltrates or Outfall is Dry","Not A Priority",NA,NA,NA,33.62234264,-117.57674145,NA,NA,NA,NA,NA,"ORANGE CO"
"117",0.093075,"L05-489-7","Flowing",2023-06-27,"Yes",NA,"Priority",51,NA,0.019,33.53268584,-117.64672397,"ORANGE CO",156.9198733,92.32964159,100,92.32955997,"ORANGE CO"
"118",0.093075,"L05-489-7","Pooled or Ponded",2022-06-16,"Yes","Direct Connection","Priority",51,0.113565,0.013,33.53268584,-117.64672397,"ORANGE CO",156.9198733,92.32964159,100,92.32955997,"ORANGE CO"
"119",0.093075,"L05-489-7","Flowing",2021-09-09,"Yes","Direct Connection","Priority",51,0.0336,NA,33.53268584,-117.64672397,"ORANGE CO",156.9198733,92.32964159,100,92.32955997,"ORANGE CO"
"120",0.093075,"L05-489-7","Flowing",2023-08-16,"Yes","Direct Connection","Priority",51,0.093782,0.043,33.53268584,-117.64672397,"ORANGE CO",156.9198733,92.32964159,100,92.32955997,"ORANGE CO"
"121",0.093075,"L05-489-7","Flowing",2022-09-06,"Yes","Direct Connection","Priority",51,0.1368,0.028,33.53268584,-117.64672397,"ORANGE CO",156.9198733,92.32964159,100,92.32955997,"ORANGE CO"
"122",0.093075,"L05-489-7","Flowing",2021-05-26,"Yes","Direct Connection","Priority",51,0.052917,NA,33.53268584,-117.64672397,"ORANGE CO",156.9198733,92.32964159,100,92.32955997,"ORANGE CO"
"123",0.001777,"L01-517-7","Dry",2022-09-27,"Unknown","None - Flow Infiltrates or Outfall is Dry",NA,NA,NA,NA,33.52425393,-117.61954366,"ORANGE CO",241.1832418,141.9091273,100,141.90900182,"ORANGE CO"
"124",0.001777,"L01-517-7","Dry",2021-05-03,"Unknown","None - Flow Infiltrates or Outfall is Dry",NA,NA,NA,NA,33.52425393,-117.61954366,"ORANGE CO",241.1832418,141.9091273,100,141.90900182,"ORANGE CO"
"125",0.001777,"L01-517-7","Dry",2023-08-14,"Unknown",NA,NA,NA,NA,NA,33.52425393,-117.61954366,"ORANGE CO",241.1832418,141.9091273,100,141.90900182,"ORANGE CO"
"126",0.001777,"L01-517-7","Dry",2022-05-31,"Unknown","None - Flow Infiltrates or Outfall is Dry",NA,NA,NA,NA,33.52425393,-117.61954366,"ORANGE CO",241.1832418,141.9091273,100,141.90900182,"ORANGE CO"
"127",0.001777,"L01-517-7","Dry",2023-05-30,"Unknown","None - Flow Infiltrates or Outfall is Dry",NA,NA,NA,NA,33.52425393,-117.61954366,"ORANGE CO",241.1832418,141.9091273,100,141.90900182,"ORANGE CO"
"128",0.095255,"L01-494-1","Flowing",2022-09-27,"Yes","None - Flow Infiltrates or Outfall is Dry",NA,NA,0.045,0.022,33.52846755,-117.60762675,"ORANGE CO",507.6592601,298.7002,100,298.6999359,"ORANGE CO"
"129",0.095255,"L01-494-1","Flowing",2023-06-19,"Yes",NA,NA,NA,NA,0.054,33.52846755,-117.60762675,"ORANGE CO",507.6592601,298.7002,100,298.6999359,"ORANGE CO"
"130",0.095255,"L01-494-1","Flowing",2022-05-31,"Yes","Undetermined",NA,NA,0.1575,NA,33.52846755,-117.60762675,"ORANGE CO",507.6592601,298.7002,100,298.6999359,"ORANGE CO"
"131",0.095255,"L01-494-1","Flowing",2023-05-30,"Yes","Unsafe to Access",NA,NA,NA,NA,33.52846755,-117.60762675,"ORANGE CO",507.6592601,298.7002,100,298.6999359,"ORANGE CO"
"132",0.095255,"L01-494-1","Flowing",2023-08-14,"Yes","Direct Connection",NA,NA,NA,NA,33.52846755,-117.60762675,"ORANGE CO",507.6592601,298.7002,100,298.6999359,"ORANGE CO"
"133",0.095255,"L01-494-1","Flowing",2021-08-12,"Yes","Partial - Significant Distance",NA,NA,0.008025,NA,33.52846755,-117.60762675,"ORANGE CO",507.6592601,298.7002,100,298.6999359,"ORANGE CO"
"134",0.095255,"L01-494-1","Flowing",2021-05-03,"Yes","Direct Connection",NA,NA,0.112,NA,33.52846755,-117.60762675,"ORANGE CO",507.6592601,298.7002,100,298.6999359,"ORANGE CO"
"135",0.205885,"L05-489-4","Pooled or Ponded",2021-09-09,"Yes","Partial - Significant Distance","Priority",36,NA,NA,33.5293593,-117.64607265,NA,NA,NA,NA,NA,"ORANGE CO"
"136",0.205885,"L05-489-4","Pooled or Ponded",2022-06-16,"Yes","None - Flow Infiltrates or Outfall is Dry","Priority",36,NA,NA,33.5293593,-117.64607265,NA,NA,NA,NA,NA,"ORANGE CO"
"137",0.205885,"L05-489-4","Flowing",2023-06-27,"Yes","Direct Connection","Priority",36,0.757026,NA,33.5293593,-117.64607265,NA,NA,NA,NA,NA,"ORANGE CO"
"138",0.205885,"L05-489-4","Pooled or Ponded",2021-05-26,"Yes","Partial - Significant Distance","Priority",36,NA,NA,33.5293593,-117.64607265,NA,NA,NA,NA,NA,"ORANGE CO"
"139",0.205885,"L05-489-4","Pooled or Ponded",2022-09-06,"Yes","Direct Connection","Priority",36,NA,NA,33.5293593,-117.64607265,NA,NA,NA,NA,NA,"ORANGE CO"
"140",0.205885,"L05-489-4","Flowing",2023-08-16,"Yes","Direct Connection","Priority",36,0.18565,NA,33.5293593,-117.64607265,NA,NA,NA,NA,NA,"ORANGE CO"
"141",0.232035,"L01-414-3","Pooled or Ponded",2022-06-16,"Yes","None - Flow Infiltrates or Outfall is Dry","Priority",60,0.015,NA,33.56680442,-117.59243774,"ORANGE CO",147.6040899,86.84835409,100.0000001,86.8482772,"ORANGE CO"
"142",0.232035,"L01-414-3","Pooled or Ponded",2022-08-24,"Yes","Undetermined","Priority",60,NA,NA,33.56680442,-117.59243774,"ORANGE CO",147.6040899,86.84835409,100.0000001,86.8482772,"ORANGE CO"
"143",0.232035,"L01-414-3","Pooled or Ponded",2023-08-17,"Yes","Partial - Significant Distance","Priority",60,NA,NA,33.56680442,-117.59243774,"ORANGE CO",147.6040899,86.84835409,100.0000001,86.8482772,"ORANGE CO"
"144",0.232035,"L01-414-3","Pooled or Ponded",2023-06-13,"Yes","Direct Connection","Priority",60,NA,NA,33.56680442,-117.59243774,"ORANGE CO",147.6040899,86.84835409,100.0000001,86.8482772,"ORANGE CO"
"145",0.232035,"L01-414-3","Pooled or Ponded",2021-08-03,"Yes","Undetermined","Priority",60,NA,NA,33.56680442,-117.59243774,"ORANGE CO",147.6040899,86.84835409,100.0000001,86.8482772,"ORANGE CO"
"146",0.019417,"L01-514-1","Flowing",2022-09-23,"Yes","Undetermined","Not A Priority",NA,0.0048,NA,33.52388419,-117.62291576,"ORANGE CO",454.4751233,267.4073357,100,267.40709935,"ORANGE CO"
"147",0.019417,"L01-514-1","Flowing",2021-08-12,"Yes","Undetermined","Not A Priority",NA,NA,NA,33.52388419,-117.62291576,"ORANGE CO",454.4751233,267.4073357,100,267.40709935,"ORANGE CO"
"148",0.019417,"L01-514-1","Pooled or Ponded",2021-05-03,"Yes","Direct Connection","Not A Priority",NA,0.057143,NA,33.52388419,-117.62291576,"ORANGE CO",454.4751233,267.4073357,100,267.40709935,"ORANGE CO"
"149",0.019417,"L01-514-1","Pooled or Ponded",2023-08-14,"Yes","None - Flow Infiltrates or Outfall is Dry","Not A Priority",NA,NA,NA,33.52388419,-117.62291576,"ORANGE CO",454.4751233,267.4073357,100,267.40709935,"ORANGE CO"
"150",0.019417,"L01-514-1","Pooled or Ponded",2022-06-17,"Yes","Undetermined","Not A Priority",NA,NA,NA,33.52388419,-117.62291576,"ORANGE CO",454.4751233,267.4073357,100,267.40709935,"ORANGE CO"
"151",0.019417,"L01-514-1","Flowing",2023-05-30,"Yes","Undetermined","Not A Priority",NA,NA,NA,33.52388419,-117.62291576,"ORANGE CO",454.4751233,267.4073357,100,267.40709935,"ORANGE CO"
"152",0.018878,"L01-303-5","Flowing",2023-08-15,"Yes","Partial - Significant Distance",NA,NA,0.049619,NA,33.59975122,-117.58435346,NA,NA,NA,NA,NA,"ORANGE CO"
"153",0.018878,"L01-303-5","Flowing",2023-05-31,"Yes","Undetermined",NA,NA,0.028,NA,33.59975122,-117.58435346,NA,NA,NA,NA,NA,"ORANGE CO"
"154",0.018878,"L01-303-5","Flowing",2021-08-16,"Yes","Undetermined",NA,NA,0.013333,0.006,33.59975122,-117.58435346,NA,NA,NA,NA,NA,"ORANGE CO"
"155",0.018878,"L01-303-5","Flowing",2021-05-03,"Yes","Undetermined",NA,NA,0.006,NA,33.59975122,-117.58435346,NA,NA,NA,NA,NA,"ORANGE CO"
"156",0.286313,"L05-049-2","Flowing",2022-09-06,"Yes","Direct Connection","Not A Priority",NA,0.2346,NA,33.53473606,-117.64615007,NA,NA,NA,NA,NA,"ORANGE CO"
"157",0.286313,"L05-049-2","Flowing",2023-08-16,"Yes","Direct Connection","Not A Priority",NA,0.266129,NA,33.53473606,-117.64615007,NA,NA,NA,NA,NA,"ORANGE CO"
"158",0.001664,"L01-517-3","Pooled or Ponded",2022-09-27,"Unknown","None - Flow Infiltrates or Outfall is Dry","Not A Priority",NA,NA,NA,33.52266244,-117.62028151,"ORANGE CO",891.42923,524.5055299,86.86213464,603.8362612,"ORANGE CO"
"159",0.001664,"L01-517-3","Pooled or Ponded",2022-09-27,"Unknown","None - Flow Infiltrates or Outfall is Dry","Not A Priority",NA,NA,NA,33.52266244,-117.62028151,"SAN JUAN CAPISTRANO",79.33132183,79.33126506,13.13786535,603.8362612,"ORANGE CO"
"160",0.001664,"L01-517-3","Flowing",2021-04-29,"Unknown","Undetermined","Not A Priority",NA,0.00264,NA,33.52266244,-117.62028151,"ORANGE CO",891.42923,524.5055299,86.86213464,603.8362612,"ORANGE CO"
"161",0.001664,"L01-517-3","Flowing",2021-04-29,"Unknown","Undetermined","Not A Priority",NA,0.00264,NA,33.52266244,-117.62028151,"SAN JUAN CAPISTRANO",79.33132183,79.33126506,13.13786535,603.8362612,"ORANGE CO"
"162",0.001664,"L01-517-3","Flowing",2021-08-12,"Unknown",NA,"Not A Priority",NA,0.014,NA,33.52266244,-117.62028151,"ORANGE CO",891.42923,524.5055299,86.86213464,603.8362612,"ORANGE CO"
"163",0.001664,"L01-517-3","Flowing",2021-08-12,"Unknown",NA,"Not A Priority",NA,0.014,NA,33.52266244,-117.62028151,"SAN JUAN CAPISTRANO",79.33132183,79.33126506,13.13786535,603.8362612,"ORANGE CO"
"164",0.001664,"L01-517-3","Other - See Comments",2023-05-30,"Unknown",NA,"Not A Priority",NA,NA,NA,33.52266244,-117.62028151,"ORANGE CO",891.42923,524.5055299,86.86213464,603.8362612,"ORANGE CO"
"165",0.001664,"L01-517-3","Other - See Comments",2023-05-30,"Unknown",NA,"Not A Priority",NA,NA,NA,33.52266244,-117.62028151,"SAN JUAN CAPISTRANO",79.33132183,79.33126506,13.13786535,603.8362612,"ORANGE CO"
"166",0.001664,"L01-517-3",NA,2023-08-14,"Unknown",NA,"Not A Priority",NA,NA,NA,33.52266244,-117.62028151,"ORANGE CO",891.42923,524.5055299,86.86213464,603.8362612,"ORANGE CO"
"167",0.001664,"L01-517-3",NA,2023-08-14,"Unknown",NA,"Not A Priority",NA,NA,NA,33.52266244,-117.62028151,"SAN JUAN CAPISTRANO",79.33132183,79.33126506,13.13786535,603.8362612,"ORANGE CO"
"168",0.001664,"L01-517-3","Pooled or Ponded",2022-05-31,"Unknown","Undetermined","Not A Priority",NA,NA,NA,33.52266244,-117.62028151,"ORANGE CO",891.42923,524.5055299,86.86213464,603.8362612,"ORANGE CO"
"169",0.001664,"L01-517-3","Pooled or Ponded",2022-05-31,"Unknown","Undetermined","Not A Priority",NA,NA,NA,33.52266244,-117.62028151,"SAN JUAN CAPISTRANO",79.33132183,79.33126506,13.13786535,603.8362612,"ORANGE CO"
"170",NA,"L02-401-2 (COL02P55)","Pooled or Ponded",2023-05-08,"Yes","None - Flow Infiltrates or Outfall is Dry","Not A Priority",NA,NA,NA,33.56248669,-117.65073625,"ORANGE CO",198.6161932,116.8632216,100,116.86311828,"ORANGE CO"
"171",NA,"L02-401-2 (COL02P55)","Pooled or Ponded",2023-09-25,"Yes","None - Flow Infiltrates or Outfall is Dry","Not A Priority",NA,NA,NA,33.56248669,-117.65073625,"ORANGE CO",198.6161932,116.8632216,100,116.86311828,"ORANGE CO"
"172",NA,"L02-401-2 (COL02P55)","Pooled or Ponded",2022-09-06,"Yes","Direct Connection","Not A Priority",NA,NA,NA,33.56248669,-117.65073625,"ORANGE CO",198.6161932,116.8632216,100,116.86311828,"ORANGE CO"
"173",NA,"L02-401-2 (COL02P55)","Pooled or Ponded",2022-06-16,"Yes","None - Flow Infiltrates or Outfall is Dry","Not A Priority",NA,NA,NA,33.56248669,-117.65073625,"ORANGE CO",198.6161932,116.8632216,100,116.86311828,"ORANGE CO"
"174",0.013073,"L01-335-1","Flowing",2023-05-30,"Yes","Unsafe to Access","Priority",57,NA,NA,33.57790461,-117.61285256,"ORANGE CO",600.1236162,353.1050416,79.80262992,442.4725473,"ORANGE CO"
"175",0.013073,"L01-335-1","Flowing",2023-05-30,"Yes","Unsafe to Access","Priority",57,NA,NA,33.57790461,-117.61285256,"RANCHO SANTA MARGARITA",89.36789252,89.36789689,20.19737008,442.4725473,"ORANGE CO"
"176",0.013073,"L01-335-1","Flowing",2021-04-29,"Yes","Direct Connection","Priority",57,0.024,NA,33.57790461,-117.61285256,"ORANGE CO",600.1236162,353.1050416,79.80262992,442.4725473,"ORANGE CO"
"177",0.013073,"L01-335-1","Flowing",2021-04-29,"Yes","Direct Connection","Priority",57,0.024,NA,33.57790461,-117.61285256,"RANCHO SANTA MARGARITA",89.36789252,89.36789689,20.19737008,442.4725473,"ORANGE CO"
"178",0.013073,"L01-335-1","Flowing",2023-06-19,"Yes",NA,"Priority",57,0.018533,NA,33.57790461,-117.61285256,"ORANGE CO",600.1236162,353.1050416,79.80262992,442.4725473,"ORANGE CO"
"179",0.013073,"L01-335-1","Flowing",2023-06-19,"Yes",NA,"Priority",57,0.018533,NA,33.57790461,-117.61285256,"RANCHO SANTA MARGARITA",89.36789252,89.36789689,20.19737008,442.4725473,"ORANGE CO"
"180",0.013073,"L01-335-1","Flowing",2021-08-12,"Yes","Direct Connection","Priority",57,0.005333,NA,33.57790461,-117.61285256,"ORANGE CO",600.1236162,353.1050416,79.80262992,442.4725473,"ORANGE CO"
"181",0.013073,"L01-335-1","Flowing",2021-08-12,"Yes","Direct Connection","Priority",57,0.005333,NA,33.57790461,-117.61285256,"RANCHO SANTA MARGARITA",89.36789252,89.36789689,20.19737008,442.4725473,"ORANGE CO"
"182",0.013073,"L01-335-1","Flowing",2022-06-17,"Yes","Direct Connection","Priority",57,0.006857,0.004,33.57790461,-117.61285256,"ORANGE CO",600.1236162,353.1050416,79.80262992,442.4725473,"ORANGE CO"
"183",0.013073,"L01-335-1","Flowing",2022-06-17,"Yes","Direct Connection","Priority",57,0.006857,0.004,33.57790461,-117.61285256,"RANCHO SANTA MARGARITA",89.36789252,89.36789689,20.19737008,442.4725473,"ORANGE CO"
"184",0.013073,"L01-335-1",NA,2023-08-14,"Yes","None - Flow Infiltrates or Outfall is Dry","Priority",57,0.025641,NA,33.57790461,-117.61285256,"ORANGE CO",600.1236162,353.1050416,79.80262992,442.4725473,"ORANGE CO"
"185",0.013073,"L01-335-1",NA,2023-08-14,"Yes","None - Flow Infiltrates or Outfall is Dry","Priority",57,0.025641,NA,33.57790461,-117.61285256,"RANCHO SANTA MARGARITA",89.36789252,89.36789689,20.19737008,442.4725473,"ORANGE CO"
"186",0.013073,"L01-335-1","Flowing",2022-09-27,"Yes","Direct Connection","Priority",57,0.018,0.001,33.57790461,-117.61285256,"ORANGE CO",600.1236162,353.1050416,79.80262992,442.4725473,"ORANGE CO"
"187",0.013073,"L01-335-1","Flowing",2022-09-27,"Yes","Direct Connection","Priority",57,0.018,0.001,33.57790461,-117.61285256,"RANCHO SANTA MARGARITA",89.36789252,89.36789689,20.19737008,442.4725473,"ORANGE CO"
"188",0,"L01-391-1","Pooled or Ponded",2021-05-03,"Yes","Direct Connection","Not A Priority",NA,NA,NA,33.57606988,-117.58591645,"ORANGE CO",50.91641536,29.958566,100,29.95853952,"ORANGE CO"
"189",0,"L01-391-1","Pooled or Ponded",2022-09-19,"Yes","Direct Connection","Not A Priority",NA,NA,NA,33.57606988,-117.58591645,"ORANGE CO",50.91641536,29.958566,100,29.95853952,"ORANGE CO"
"190",0,"L01-391-1","Pooled or Ponded",2023-05-31,"Yes","Direct Connection","Not A Priority",NA,NA,NA,33.57606988,-117.58591645,"ORANGE CO",50.91641536,29.958566,100,29.95853952,"ORANGE CO"
"191",0,"L01-391-1","Pooled or Ponded",2022-08-01,"Yes","Direct Connection","Not A Priority",NA,NA,NA,33.57606988,-117.58591645,"ORANGE CO",50.91641536,29.958566,100,29.95853952,"ORANGE CO"
"192",0,"L01-391-1","Pooled or Ponded",2023-08-15,"Yes","Direct Connection","Not A Priority",NA,NA,NA,33.57606988,-117.58591645,"ORANGE CO",50.91641536,29.958566,100,29.95853952,"ORANGE CO"
"193",0,"L01-391-1","Pooled or Ponded",2021-08-16,"Yes","Direct Connection","Not A Priority",NA,NA,NA,33.57606988,-117.58591645,"ORANGE CO",50.91641536,29.958566,100,29.95853952,"ORANGE CO"
"194",NA,"L01-303-3","Other - See Comments",2023-05-31,"Unknown",NA,NA,NA,NA,NA,33.59526175,-117.5840821,NA,NA,NA,NA,NA,"ORANGE CO"
"195",NA,"L01-303-3","Pooled or Ponded",2022-08-01,"Unknown","Partial - Significant Distance",NA,NA,NA,NA,33.59526175,-117.5840821,NA,NA,NA,NA,NA,"ORANGE CO"
"196",NA,"L01-303-3",NA,2023-08-15,"Unknown",NA,NA,NA,NA,NA,33.59526175,-117.5840821,NA,NA,NA,NA,NA,"ORANGE CO"
"197",NA,"L01-303-3","Pooled or Ponded",2022-09-26,"Unknown","Partial - Significant Distance",NA,NA,NA,NA,33.59526175,-117.5840821,NA,NA,NA,NA,NA,"ORANGE CO"
"198",NA,"L01-414-1","Pooled or Ponded",2022-09-19,"Yes","None - Flow Infiltrates or Outfall is Dry","Not A Priority",NA,NA,NA,33.56170664,-117.59054811,"ORANGE CO",70.31918456,41.37490663,100,41.37487005,"ORANGE CO"
"199",NA,"L01-414-1","Pooled or Ponded",2021-08-04,"Yes","Undetermined","Not A Priority",NA,NA,NA,33.56170664,-117.59054811,"ORANGE CO",70.31918456,41.37490663,100,41.37487005,"ORANGE CO"
"200",NA,"L01-414-1","Pooled or Ponded",2022-07-21,"Yes","Undetermined","Not A Priority",NA,NA,NA,33.56170664,-117.59054811,"ORANGE CO",70.31918456,41.37490663,100,41.37487005,"ORANGE CO"
"201",NA,"L01-414-1","Pooled or Ponded",2023-08-17,"Yes","None - Flow Infiltrates or Outfall is Dry","Not A Priority",NA,NA,NA,33.56170664,-117.59054811,"ORANGE CO",70.31918456,41.37490663,100,41.37487005,"ORANGE CO"
"202",NA,"L01-414-1","Pooled or Ponded",2023-06-01,"Yes","None - Flow Infiltrates or Outfall is Dry","Not A Priority",NA,NA,NA,33.56170664,-117.59054811,"ORANGE CO",70.31918456,41.37490663,100,41.37487005,"ORANGE CO"
"203",0,"L01-335-2","Pooled or Ponded",2022-06-17,"Unknown","Direct Connection",NA,NA,NA,NA,33.57739792,-117.61274918,NA,NA,NA,NA,NA,"ORANGE CO"
"204",0,"L01-335-2","Dry",2022-09-27,"Unknown","None - Flow Infiltrates or Outfall is Dry",NA,NA,NA,NA,33.57739792,-117.61274918,NA,NA,NA,NA,NA,"ORANGE CO"
"205",0,"L01-335-2","Pooled or Ponded",2023-05-30,"Unknown","None - Flow Infiltrates or Outfall is Dry",NA,NA,NA,NA,33.57739792,-117.61274918,NA,NA,NA,NA,NA,"ORANGE CO"
"206",0,"L01-335-2","Pooled or Ponded",2023-08-14,"Unknown","None - Flow Infiltrates or Outfall is Dry",NA,NA,NA,NA,33.57739792,-117.61274918,NA,NA,NA,NA,NA,"ORANGE CO"
"207",0.197378,"L02-374-1 (L02P50)","Flowing",2023-08-08,"Yes","Direct Connection","Priority",66,0.196,0.038,33.56985508,-117.64601249,"ORANGE CO",775.8197182,456.4823754,100,456.48197184,"ORANGE CO"
"208",0.197378,"L02-374-1 (L02P50)","Flowing",2021-09-09,"Yes","Undetermined","Priority",66,0.24325,NA,33.56985508,-117.64601249,"ORANGE CO",775.8197182,456.4823754,100,456.48197184,"ORANGE CO"
"209",0.197378,"L02-374-1 (L02P50)","Flowing",2023-07-25,"Yes","Undetermined","Priority",66,0.155087,0.079,33.56985508,-117.64601249,"ORANGE CO",775.8197182,456.4823754,100,456.48197184,"ORANGE CO"
"210",0.197378,"L02-374-1 (L02P50)","Flowing",2023-08-01,"Yes","Direct Connection","Priority",66,0.118125,0.073,33.56985508,-117.64601249,"ORANGE CO",775.8197182,456.4823754,100,456.48197184,"ORANGE CO"
"211",0.197378,"L02-374-1 (L02P50)","Flowing",2022-06-16,"Yes","Undetermined","Priority",66,0.190157,NA,33.56985508,-117.64601249,"ORANGE CO",775.8197182,456.4823754,100,456.48197184,"ORANGE CO"
"212",0.197378,"L02-374-1 (L02P50)","Flowing",2022-09-06,"Yes","Undetermined","Priority",66,0.099884,NA,33.56985508,-117.64601249,"ORANGE CO",775.8197182,456.4823754,100,456.48197184,"ORANGE CO"
"213",0.197378,"L02-374-1 (L02P50)","Flowing",2023-02-07,"Yes","Partial - Significant Distance","Priority",66,0.400424,NA,33.56985508,-117.64601249,"ORANGE CO",775.8197182,456.4823754,100,456.48197184,"ORANGE CO"
"214",0.197378,"L02-374-1 (L02P50)","Flowing",2023-07-11,"Yes","Direct Connection","Priority",66,0.36,0.067,33.56985508,-117.64601249,"ORANGE CO",775.8197182,456.4823754,100,456.48197184,"ORANGE CO"
"215",0.197378,"L02-374-1 (L02P50)","Flowing",2023-06-27,"Yes","Partial - Significant Distance","Priority",66,0.115281,0.055,33.56985508,-117.64601249,"ORANGE CO",775.8197182,456.4823754,100,456.48197184,"ORANGE CO"
"216",0.197378,"L02-374-1 (L02P50)","Flowing",2021-05-26,"Yes","Undetermined","Priority",66,0.276424,NA,33.56985508,-117.64601249,"ORANGE CO",775.8197182,456.4823754,100,456.48197184,"ORANGE CO"
"217",0.197378,"L02-374-1 (L02P50)","Flowing",2023-07-18,"Yes","Unsafe to Access","Priority",66,0.090995,0.058,33.56985508,-117.64601249,"ORANGE CO",775.8197182,456.4823754,100,456.48197184,"ORANGE CO"
"218",0.010162,"L02-359-1 (L02P43)","Flowing",2022-06-17,"Yes","Undetermined","Not A Priority",NA,0.0045,NA,33.57846935,-117.64023441,"MISSION VIEJO",91.64765252,91.64722036,99.12347837,92.45754976,"ORANGE CO"
"219",0.010162,"L02-359-1 (L02P43)","Flowing",2022-06-17,"Yes","Undetermined","Not A Priority",NA,0.0045,NA,33.57846935,-117.64023441,"ORANGE CO",1.377343297,0.810411137,0.876521628,92.45754976,"ORANGE CO"
"220",0.010162,"L02-359-1 (L02P43)","Flowing",2021-08-12,"Yes","Undetermined","Not A Priority",NA,0.0096,NA,33.57846935,-117.64023441,"MISSION VIEJO",91.64765252,91.64722036,99.12347837,92.45754976,"ORANGE CO"
"221",0.010162,"L02-359-1 (L02P43)","Flowing",2021-08-12,"Yes","Undetermined","Not A Priority",NA,0.0096,NA,33.57846935,-117.64023441,"ORANGE CO",1.377343297,0.810411137,0.876521628,92.45754976,"ORANGE CO"
"222",0.010162,"L02-359-1 (L02P43)","Pooled or Ponded",2022-09-26,"Yes","Undetermined","Not A Priority",NA,NA,NA,33.57846935,-117.64023441,"MISSION VIEJO",91.64765252,91.64722036,99.12347837,92.45754976,"ORANGE CO"
"223",0.010162,"L02-359-1 (L02P43)","Pooled or Ponded",2022-09-26,"Yes","Undetermined","Not A Priority",NA,NA,NA,33.57846935,-117.64023441,"ORANGE CO",1.377343297,0.810411137,0.876521628,92.45754976,"ORANGE CO"
"224",0.010162,"L02-359-1 (L02P43)",NA,2023-06-01,"Yes","Unsafe to Access","Not A Priority",NA,NA,NA,33.57846935,-117.64023441,"MISSION VIEJO",91.64765252,91.64722036,99.12347837,92.45754976,"ORANGE CO"
"225",0.010162,"L02-359-1 (L02P43)",NA,2023-06-01,"Yes","Unsafe to Access","Not A Priority",NA,NA,NA,33.57846935,-117.64023441,"ORANGE CO",1.377343297,0.810411137,0.876521628,92.45754976,"ORANGE CO"
"226",0.010162,"L02-359-1 (L02P43)","Flowing",2021-04-29,"Yes","Undetermined","Not A Priority",NA,0.04,NA,33.57846935,-117.64023441,"MISSION VIEJO",91.64765252,91.64722036,99.12347837,92.45754976,"ORANGE CO"
"227",0.010162,"L02-359-1 (L02P43)","Flowing",2021-04-29,"Yes","Undetermined","Not A Priority",NA,0.04,NA,33.57846935,-117.64023441,"ORANGE CO",1.377343297,0.810411137,0.876521628,92.45754976,"ORANGE CO"
"228",0.010162,"L02-359-1 (L02P43)","Pooled or Ponded",2023-08-17,"Yes","Unsafe to Access","Not A Priority",NA,NA,NA,33.57846935,-117.64023441,"MISSION VIEJO",91.64765252,91.64722036,99.12347837,92.45754976,"ORANGE CO"
"229",0.010162,"L02-359-1 (L02P43)","Pooled or Ponded",2023-08-17,"Yes","Unsafe to Access","Not A Priority",NA,NA,NA,33.57846935,-117.64023441,"ORANGE CO",1.377343297,0.810411137,0.876521628,92.45754976,"ORANGE CO"
"230",NA,"L01-303-1","Pooled or Ponded",2023-05-31,"Yes","Direct Connection",NA,NA,NA,NA,33.58906495,-117.58454324,NA,NA,NA,NA,NA,"ORANGE CO"
"231",NA,"L01-303-1","Pooled or Ponded",2021-08-16,"Yes","Undetermined",NA,NA,NA,NA,33.58906495,-117.58454324,NA,NA,NA,NA,NA,"ORANGE CO"
"232",NA,"L01-303-1","Pooled or Ponded",2021-05-03,"Yes","Undetermined",NA,NA,NA,NA,33.58906495,-117.58454324,NA,NA,NA,NA,NA,"ORANGE CO"
"233",NA,"L01-303-1","Pooled or Ponded",2023-08-15,"Yes","Partial - Significant Distance",NA,NA,NA,NA,33.58906495,-117.58454324,NA,NA,NA,NA,NA,"ORANGE CO"
"234",0,"L01-414-2","Dry",2022-08-01,"Unknown","None - Flow Infiltrates or Outfall is Dry","Not A Priority",NA,NA,NA,33.56488962,-117.59207479,"ORANGE CO",11.7616036,6.920376761,100,6.92037064,"ORANGE CO"
"235",0,"L01-414-2","Pooled or Ponded",2023-06-01,"Unknown","None - Flow Infiltrates or Outfall is Dry","Not A Priority",NA,NA,NA,33.56488962,-117.59207479,"ORANGE CO",11.7616036,6.920376761,100,6.92037064,"ORANGE CO"
"236",0,"L01-414-2","Dry",2022-09-19,"Unknown","None - Flow Infiltrates or Outfall is Dry","Not A Priority",NA,NA,NA,33.56488962,-117.59207479,"ORANGE CO",11.7616036,6.920376761,100,6.92037064,"ORANGE CO"
"237",0,"L01-414-2","Dry",2023-08-17,"Unknown",NA,"Not A Priority",NA,NA,NA,33.56488962,-117.59207479,"ORANGE CO",11.7616036,6.920376761,100,6.92037064,"ORANGE CO"
"238",0.019203,"L01-760-1","Flowing",2021-05-03,"Yes","Undetermined","Priority",40,0.051,NA,33.5654904,-117.5888937,"ORANGE CO",56.95310989,33.51047967,100,33.51045004,"ORANGE CO"
"239",0.019203,"L01-760-1","Flowing",2022-08-24,"Yes","None - Flow Infiltrates or Outfall is Dry","Priority",40,0.00825,NA,33.5654904,-117.5888937,"ORANGE CO",56.95310989,33.51047967,100,33.51045004,"ORANGE CO"
"240",0.019203,"L01-760-1","Flowing",2023-06-19,"Yes",NA,"Priority",40,0.025788,0.004,33.5654904,-117.5888937,"ORANGE CO",56.95310989,33.51047967,100,33.51045004,"ORANGE CO"
"241",0.019203,"L01-760-1","Flowing",2023-08-17,"Yes","None - Flow Infiltrates or Outfall is Dry","Priority",40,0.062857,NA,33.5654904,-117.5888937,"ORANGE CO",56.95310989,33.51047967,100,33.51045004,"ORANGE CO"
"242",0.019203,"L01-760-1","Flowing",2021-08-04,"Yes","Undetermined","Priority",40,0.015,0.004,33.5654904,-117.5888937,"ORANGE CO",56.95310989,33.51047967,100,33.51045004,"ORANGE CO"
"243",0.019203,"L01-760-1","Flowing",2023-06-01,"Yes","Undetermined","Priority",40,NA,NA,33.5654904,-117.5888937,"ORANGE CO",56.95310989,33.51047967,100,33.51045004,"ORANGE CO"
"244",0.019203,"L01-760-1","Flowing",2022-08-01,"Yes","Undetermined","Priority",40,0.0048,0.004,33.5654904,-117.5888937,"ORANGE CO",56.95310989,33.51047967,100,33.51045004,"ORANGE CO"
"245",0.075871,"L01-760-2","Flowing",2022-08-01,"Yes","Undetermined","Priority",45,0.05472,NA,33.56826629,-117.58762624,"ORANGE CO",55.36208794,32.57434275,100,32.57431395,"ORANGE CO"
"246",0.075871,"L01-760-2","Flowing",2022-08-01,"Yes","Undetermined","Priority",45,0.05472,0.06,33.56826629,-117.58762624,"ORANGE CO",55.36208794,32.57434275,100,32.57431395,"ORANGE CO"
"247",0.075871,"L01-760-2","Flowing",2021-06-07,"Yes","Undetermined","Priority",45,0.22,NA,33.56826629,-117.58762624,"ORANGE CO",55.36208794,32.57434275,100,32.57431395,"ORANGE CO"
"248",0.075871,"L01-760-2","Flowing",2021-07-19,"Yes","Undetermined","Priority",45,0.104867,NA,33.56826629,-117.58762624,"ORANGE CO",55.36208794,32.57434275,100,32.57431395,"ORANGE CO"
"249",0.075871,"L01-760-2","Flowing",2023-08-17,"Yes","Direct Connection","Priority",45,0.087273,NA,33.56826629,-117.58762624,"ORANGE CO",55.36208794,32.57434275,100,32.57431395,"ORANGE CO"
"250",0.075871,"L01-760-2","Flowing",2021-08-17,"Yes","Undetermined","Priority",45,0.065506,NA,33.56826629,-117.58762624,"ORANGE CO",55.36208794,32.57434275,100,32.57431395,"ORANGE CO"
"251",0.075871,"L01-760-2","Flowing",2021-08-11,"Yes","Undetermined","Priority",45,0.086667,NA,33.56826629,-117.58762624,"ORANGE CO",55.36208794,32.57434275,100,32.57431395,"ORANGE CO"
"252",0.075871,"L01-760-2","Flowing",2020-12-18,"Yes","Undetermined","Priority",45,0.108,NA,33.56826629,-117.58762624,"ORANGE CO",55.36208794,32.57434275,100,32.57431395,"ORANGE CO"
"253",0.075871,"L01-760-2","Flowing",2021-08-02,"Yes","Undetermined","Priority",45,0.095333,NA,33.56826629,-117.58762624,"ORANGE CO",55.36208794,32.57434275,100,32.57431395,"ORANGE CO"
"254",0.075871,"L01-760-2","Flowing",2023-06-01,"Yes","Direct Connection","Priority",45,0.126266,NA,33.56826629,-117.58762624,"ORANGE CO",55.36208794,32.57434275,100,32.57431395,"ORANGE CO"
"255",0.075871,"L01-760-2","Flowing",2022-08-24,"Yes","Undetermined","Priority",45,0.037688,NA,33.56826629,-117.58762624,"ORANGE CO",55.36208794,32.57434275,100,32.57431395,"ORANGE CO"
"256",0.075871,"L01-760-2","Flowing",2021-07-15,"Yes","Undetermined","Priority",45,0.1092,NA,33.56826629,-117.58762624,"ORANGE CO",55.36208794,32.57434275,100,32.57431395,"ORANGE CO"
"257",0.056201,"L01-404-2","Flowing",2022-06-16,"Yes","Undetermined",NA,NA,0.096028,0.021,33.56345111,-117.58552269,NA,NA,NA,NA,NA,"ORANGE CO"
"258",0.056201,"L01-404-2","Flowing",2021-08-04,"Yes","Undetermined",NA,NA,0.02,3.285,33.56345111,-117.58552269,NA,NA,NA,NA,NA,"ORANGE CO"
"259",0.056201,"L01-404-2","Flowing",2022-08-24,"Yes","Undetermined",NA,NA,0.021,NA,33.56345111,-117.58552269,NA,NA,NA,NA,NA,"ORANGE CO"
"260",0.056201,"L01-404-2","Flowing",2023-06-27,"Yes","Undetermined",NA,NA,0.028916,0.016,33.56345111,-117.58552269,NA,NA,NA,NA,NA,"ORANGE CO"
"261",0.056201,"L01-404-2","Flowing",2021-05-03,"Yes",NA,NA,NA,0.23625,NA,33.56345111,-117.58552269,NA,NA,NA,NA,NA,"ORANGE CO"
"262",0.056201,"L01-404-2","Flowing",2023-08-15,"Yes","Direct Connection",NA,NA,0.03135,0.032,33.56345111,-117.58552269,NA,NA,NA,NA,NA,"ORANGE CO"
"263",0.00661,"L01-471-1","Dry",2022-09-27,"Unknown","None - Flow Infiltrates or Outfall is Dry",NA,NA,NA,NA,33.52557232,-117.59730639,"ORANGE CO",542.723915,319.3317933,100,319.331511,"ORANGE CO"
"264",0.00661,"L01-471-1","Dry",2022-05-31,"Unknown","None - Flow Infiltrates or Outfall is Dry",NA,NA,NA,NA,33.52557232,-117.59730639,"ORANGE CO",542.723915,319.3317933,100,319.331511,"ORANGE CO"
"265",0.00661,"L01-471-1","Flowing",2023-08-14,"Unknown","Partial - Significant Distance",NA,NA,0.051173,NA,33.52557232,-117.59730639,"ORANGE CO",542.723915,319.3317933,100,319.331511,"ORANGE CO"
"266",0.00661,"L01-471-1","Dry",2021-05-03,"Unknown","None - Flow Infiltrates or Outfall is Dry",NA,NA,NA,NA,33.52557232,-117.59730639,"ORANGE CO",542.723915,319.3317933,100,319.331511,"ORANGE CO"
"267",0.00661,"L01-471-1","Flowing",2023-05-30,"Unknown","None - Flow Infiltrates or Outfall is Dry",NA,NA,0.009167,NA,33.52557232,-117.59730639,"ORANGE CO",542.723915,319.3317933,100,319.331511,"ORANGE CO"
"268",0,"L02-401-1","Pooled or Ponded",2022-09-19,"Yes","Direct Connection","Not A Priority",NA,NA,NA,33.56202999,-117.65235518,"MISSION VIEJO",193.8621008,193.8611867,97.18078684,199.48492042,"ORANGE CO"
"269",0,"L02-401-1","Pooled or Ponded",2022-09-19,"Yes","Direct Connection","Not A Priority",NA,NA,NA,33.56202999,-117.65235518,"ORANGE CO",9.558176043,5.623908238,2.819212227,199.48492042,"ORANGE CO"
"270",0,"L02-401-1","Pooled or Ponded",2023-09-25,"Yes","Direct Connection","Not A Priority",NA,NA,NA,33.56202999,-117.65235518,"MISSION VIEJO",193.8621008,193.8611867,97.18078684,199.48492042,"ORANGE CO"
"271",0,"L02-401-1","Pooled or Ponded",2023-09-25,"Yes","Direct Connection","Not A Priority",NA,NA,NA,33.56202999,-117.65235518,"ORANGE CO",9.558176043,5.623908238,2.819212227,199.48492042,"ORANGE CO"
"272",0,"L02-401-1","Pooled or Ponded",2022-06-08,"Yes","Direct Connection","Not A Priority",NA,NA,NA,33.56202999,-117.65235518,"MISSION VIEJO",193.8621008,193.8611867,97.18078684,199.48492042,"ORANGE CO"
"273",0,"L02-401-1","Pooled or Ponded",2022-06-08,"Yes","Direct Connection","Not A Priority",NA,NA,NA,33.56202999,-117.65235518,"ORANGE CO",9.558176043,5.623908238,2.819212227,199.48492042,"ORANGE CO"
"274",0,"L02-401-1","Pooled or Ponded",2023-05-15,"Yes","Direct Connection","Not A Priority",NA,NA,NA,33.56202999,-117.65235518,"MISSION VIEJO",193.8621008,193.8611867,97.18078684,199.48492042,"ORANGE CO"
"275",0,"L02-401-1","Pooled or Ponded",2023-05-15,"Yes","Direct Connection","Not A Priority",NA,NA,NA,33.56202999,-117.65235518,"ORANGE CO",9.558176043,5.623908238,2.819212227,199.48492042,"ORANGE CO"
"276",0.000675,"L01-458-1","Pooled or Ponded",2021-05-03,"Unknown","None - Flow Infiltrates or Outfall is Dry","Not A Priority",NA,NA,NA,33.5249855,-117.61511696,"ORANGE CO",1020.511405,600.4558269,100,600.45529611,"ORANGE CO"
"277",0.000675,"L01-458-1","Flowing",2023-05-30,"Unknown","Undetermined","Not A Priority",NA,NA,NA,33.5249855,-117.61511696,"ORANGE CO",1020.511405,600.4558269,100,600.45529611,"ORANGE CO"
"278",0.000675,"L01-458-1","Dry",2021-08-12,"Unknown","None - Flow Infiltrates or Outfall is Dry","Not A Priority",NA,NA,NA,33.5249855,-117.61511696,"ORANGE CO",1020.511405,600.4558269,100,600.45529611,"ORANGE CO"
"279",0.000675,"L01-458-1","Flowing",2022-09-27,"Unknown","None - Flow Infiltrates or Outfall is Dry","Not A Priority",NA,0.0015,0,33.5249855,-117.61511696,"ORANGE CO",1020.511405,600.4558269,100,600.45529611,"ORANGE CO"
"280",0.000675,"L01-458-1","Pooled or Ponded",2022-05-31,"Unknown","None - Flow Infiltrates or Outfall is Dry","Not A Priority",NA,NA,NA,33.5249855,-117.61511696,"ORANGE CO",1020.511405,600.4558269,100,600.45529611,"ORANGE CO"
"281",0.000675,"L01-458-1","Dry",2023-08-14,"Unknown","None - Flow Infiltrates or Outfall is Dry","Not A Priority",NA,NA,NA,33.5249855,-117.61511696,"ORANGE CO",1020.511405,600.4558269,100,600.45529611,"ORANGE CO"
"282",0.113928,"L01-733-2","Pooled or Ponded",2022-09-19,"Yes","Direct Connection","Priority",55,NA,NA,33.62048952,-117.58270693,"ORANGE CO",202.8683486,119.3651353,99.1163795,120.42916661,"ORANGE CO"
"283",0.113928,"L01-733-2","Pooled or Ponded",2022-09-19,"Yes","Direct Connection","Priority",55,NA,NA,33.62048952,-117.58270693,"RANCHO SANTA MARGARITA",1.064137696,1.064137748,0.883620502,120.42916661,"ORANGE CO"
"284",0.113928,"L01-733-2","Pooled or Ponded",2023-05-31,"Yes",NA,"Priority",55,NA,NA,33.62048952,-117.58270693,"ORANGE CO",202.8683486,119.3651353,99.1163795,120.42916661,"ORANGE CO"
"285",0.113928,"L01-733-2","Pooled or Ponded",2023-05-31,"Yes",NA,"Priority",55,NA,NA,33.62048952,-117.58270693,"RANCHO SANTA MARGARITA",1.064137696,1.064137748,0.883620502,120.42916661,"ORANGE CO"
"286",0.113928,"L01-733-2","Pooled or Ponded",2021-05-06,"Yes","Direct Connection","Priority",55,0.0975,NA,33.62048952,-117.58270693,"ORANGE CO",202.8683486,119.3651353,99.1163795,120.42916661,"ORANGE CO"
"287",0.113928,"L01-733-2","Pooled or Ponded",2021-05-06,"Yes","Direct Connection","Priority",55,0.0975,NA,33.62048952,-117.58270693,"RANCHO SANTA MARGARITA",1.064137696,1.064137748,0.883620502,120.42916661,"ORANGE CO"
"288",0.113928,"L01-733-2","Flowing",2023-08-15,"Yes","Direct Connection","Priority",55,NA,NA,33.62048952,-117.58270693,"ORANGE CO",202.8683486,119.3651353,99.1163795,120.42916661,"ORANGE CO"
"289",0.113928,"L01-733-2","Flowing",2023-08-15,"Yes","Direct Connection","Priority",55,NA,NA,33.62048952,-117.58270693,"RANCHO SANTA MARGARITA",1.064137696,1.064137748,0.883620502,120.42916661,"ORANGE CO"
"290",0.113928,"L01-733-2","Pooled or Ponded",2022-08-01,"Yes","Direct Connection","Priority",55,NA,NA,33.62048952,-117.58270693,"ORANGE CO",202.8683486,119.3651353,99.1163795,120.42916661,"ORANGE CO"
"291",0.113928,"L01-733-2","Pooled or Ponded",2022-08-01,"Yes","Direct Connection","Priority",55,NA,NA,33.62048952,-117.58270693,"RANCHO SANTA MARGARITA",1.064137696,1.064137748,0.883620502,120.42916661,"ORANGE CO"
"292",0.113928,"L01-733-2","Pooled or Ponded",2021-08-04,"Yes","Direct Connection","Priority",55,NA,NA,33.62048952,-117.58270693,"ORANGE CO",202.8683486,119.3651353,99.1163795,120.42916661,"ORANGE CO"
"293",0.113928,"L01-733-2","Pooled or Ponded",2021-08-04,"Yes","Direct Connection","Priority",55,NA,NA,33.62048952,-117.58270693,"RANCHO SANTA MARGARITA",1.064137696,1.064137748,0.883620502,120.42916661,"ORANGE CO"
"294",NA,"L01-242-1 (L07P16)","Pooled or Ponded",2022-08-08,"Yes","Direct Connection","Not A Priority",NA,NA,NA,33.61466784,-117.58256314,"ORANGE CO",333.6229668,196.2994763,99.65978637,196.96941954,"ORANGE CO"
"295",NA,"L01-242-1 (L07P16)","Pooled or Ponded",2022-08-08,"Yes","Direct Connection","Not A Priority",NA,NA,NA,33.61466784,-117.58256314,"RANCHO SANTA MARGARITA",0.670117404,0.670117436,0.340213646,196.96941954,"ORANGE CO"
"296",NA,"L01-242-1 (L07P16)","Pooled or Ponded",2022-09-19,"Yes","Direct Connection","Not A Priority",NA,NA,NA,33.61466784,-117.58256314,"ORANGE CO",333.6229668,196.2994763,99.65978637,196.96941954,"ORANGE CO"
"297",NA,"L01-242-1 (L07P16)","Pooled or Ponded",2022-09-19,"Yes","Direct Connection","Not A Priority",NA,NA,NA,33.61466784,-117.58256314,"RANCHO SANTA MARGARITA",0.670117404,0.670117436,0.340213646,196.96941954,"ORANGE CO"
"298",NA,"L01-242-1 (L07P16)","Pooled or Ponded",2023-05-31,"Yes","Undetermined","Not A Priority",NA,NA,NA,33.61466784,-117.58256314,"ORANGE CO",333.6229668,196.2994763,99.65978637,196.96941954,"ORANGE CO"
"299",NA,"L01-242-1 (L07P16)","Pooled or Ponded",2023-05-31,"Yes","Undetermined","Not A Priority",NA,NA,NA,33.61466784,-117.58256314,"RANCHO SANTA MARGARITA",0.670117404,0.670117436,0.340213646,196.96941954,"ORANGE CO"
"300",NA,"L01-242-1 (L07P16)","Pooled or Ponded",2023-08-15,"Yes","Undetermined","Not A Priority",NA,NA,NA,33.61466784,-117.58256314,"ORANGE CO",333.6229668,196.2994763,99.65978637,196.96941954,"ORANGE CO"
"301",NA,"L01-242-1 (L07P16)","Pooled or Ponded",2023-08-15,"Yes","Undetermined","Not A Priority",NA,NA,NA,33.61466784,-117.58256314,"RANCHO SANTA MARGARITA",0.670117404,0.670117436,0.340213646,196.96941954,"ORANGE CO"
"302",NA,"L01-242-1 (L07P16)","Pooled or Ponded",2021-08-03,"Yes","Direct Connection","Not A Priority",NA,NA,NA,33.61466784,-117.58256314,"ORANGE CO",333.6229668,196.2994763,99.65978637,196.96941954,"ORANGE CO"
"303",NA,"L01-242-1 (L07P16)","Pooled or Ponded",2021-08-03,"Yes","Direct Connection","Not A Priority",NA,NA,NA,33.61466784,-117.58256314,"RANCHO SANTA MARGARITA",0.670117404,0.670117436,0.340213646,196.96941954,"ORANGE CO"
"304",0.007224,"L01-372-1","Pooled or Ponded",2023-08-17,"Yes","Partial - Significant Distance","Not A Priority",NA,NA,NA,33.56873885,-117.58537899,"ORANGE CO",199.8939166,117.6150177,100,117.6149137,"ORANGE CO"
"305",0.007224,"L01-372-1","Pooled or Ponded",2021-05-03,"Yes","Direct Connection","Not A Priority",NA,NA,NA,33.56873885,-117.58537899,"ORANGE CO",199.8939166,117.6150177,100,117.6149137,"ORANGE CO"
"306",0.007224,"L01-372-1","Pooled or Ponded",2021-08-16,"Yes",NA,"Not A Priority",NA,NA,NA,33.56873885,-117.58537899,"ORANGE CO",199.8939166,117.6150177,100,117.6149137,"ORANGE CO"
"307",0.007224,"L01-372-1","Pooled or Ponded",2023-06-01,"Yes","Undetermined","Not A Priority",NA,NA,NA,33.56873885,-117.58537899,"ORANGE CO",199.8939166,117.6150177,100,117.6149137,"ORANGE CO"
"308",0.001,"L01-399-2","Flowing",2021-04-13,"Unknown","Undetermined",NA,NA,0.0016,NA,33.56270889,-117.54673284,NA,NA,NA,NA,NA,"ORANGE CO"
"309",0.001,"L01-399-2","Other - See Comments",2023-08-17,"Unknown",NA,NA,NA,NA,NA,33.56270889,-117.54673284,NA,NA,NA,NA,NA,"ORANGE CO"
"310",0.001,"L01-399-2","Flowing",2021-04-29,"Unknown","None - Flow Infiltrates or Outfall is Dry",NA,NA,4e-04,NA,33.56270889,-117.54673284,NA,NA,NA,NA,NA,"ORANGE CO"
"311",0.008361,"L01-261-1","Flowing",2021-08-16,"Yes","None - Flow Infiltrates or Outfall is Dry","Priority",38,0.000833,NA,33.6130471,-117.58359264,"ORANGE CO",253.9420698,149.4162581,99.85129002,149.63865359,"ORANGE CO"
"312",0.008361,"L01-261-1","Flowing",2021-08-16,"Yes","None - Flow Infiltrates or Outfall is Dry","Priority",38,0.000833,NA,33.6130471,-117.58359264,"RANCHO SANTA MARGARITA",0.222527793,0.222527803,0.148709977,149.63865359,"ORANGE CO"
"313",0.008361,"L01-261-1","Flowing",2023-08-15,"Yes","Direct Connection","Priority",38,0.001535,NA,33.6130471,-117.58359264,"ORANGE CO",253.9420698,149.4162581,99.85129002,149.63865359,"ORANGE CO"
"314",0.008361,"L01-261-1","Flowing",2023-08-15,"Yes","Direct Connection","Priority",38,0.001535,NA,33.6130471,-117.58359264,"RANCHO SANTA MARGARITA",0.222527793,0.222527803,0.148709977,149.63865359,"ORANGE CO"
"315",0.008361,"L01-261-1","Flowing",2021-05-03,"Yes","Undetermined","Priority",38,0.002,NA,33.6130471,-117.58359264,"ORANGE CO",253.9420698,149.4162581,99.85129002,149.63865359,"ORANGE CO"
"316",0.008361,"L01-261-1","Flowing",2021-05-03,"Yes","Undetermined","Priority",38,0.002,NA,33.6130471,-117.58359264,"RANCHO SANTA MARGARITA",0.222527793,0.222527803,0.148709977,149.63865359,"ORANGE CO"
"317",0.008361,"L01-261-1","Flowing",2023-05-31,"Yes","Direct Connection","Priority",38,0.017778,NA,33.6130471,-117.58359264,"ORANGE CO",253.9420698,149.4162581,99.85129002,149.63865359,"ORANGE CO"
"318",0.008361,"L01-261-1","Flowing",2023-05-31,"Yes","Direct Connection","Priority",38,0.017778,NA,33.6130471,-117.58359264,"RANCHO SANTA MARGARITA",0.222527793,0.222527803,0.148709977,149.63865359,"ORANGE CO"
