JURISDICTI3,Sample Type,Parameter,LoadsJurs,LoadsPoundsQUns,TotalLoadPounds
MISSION VIEJO,Total,"2,4'-DDD",0.001866708,0.001990957,0.003857665
LAKE FOREST,Total,"2,4'-DDD",6.02E-05,4.26E-04,4.86E-04
RANCHO SANTA MARGARITA,Total,"2,4'-DDD",4.13E-04,0.002082021,0.00249552
ORANGE CO,Total,"2,4'-DDD",0.001823142,0.003453308,0.00527645
LAGUNA NIGUEL,Total,"2,4'-DDD",0.001041907,0.00621969,0.007261597
ALISO VIEJO,Total,"2,4'-DDD",1.80E-04,4.63E-04,6.43E-04
LAGUNA HILLS,Total,"2,4'-DDD",5.62E-06,0.001040912,0.001046533
LAGUNA WOODS,Total,"2,4'-DDD",1.03E-05,1.59E-04,1.70E-04
DANA POINT,Total,"2,4'-DDD",3.16E-04,2.52E-04,5.68E-04
SAN JUAN CAPISTRANO,Total,"2,4'-DDD",2.46E-04,0.001087879,0.001333971
LAGUNA BEACH,Total,"2,4'-DDD",1.38E-04,1.19E-04,2.56E-04
SAN CLEMENTE,Total,"2,4'-DDD",6.78E-04,0.001440002,0.002117875
MISSION VIEJO,Total,"2,4'-DDE",0.001866708,0.001990957,0.003857665
LAKE FOREST,Total,"2,4'-DDE",6.02E-05,4.26E-04,4.86E-04
RANCHO SANTA MARGARITA,Total,"2,4'-DDE",4.13E-04,0.002082021,0.00249552
ORANGE CO,Total,"2,4'-DDE",0.001823142,0.003453308,0.00527645
LAGUNA NIGUEL,Total,"2,4'-DDE",0.001041907,0.00621969,0.007261597
ALISO VIEJO,Total,"2,4'-DDE",1.80E-04,4.63E-04,6.43E-04
LAGUNA HILLS,Total,"2,4'-DDE",5.62E-06,0.001040912,0.001046533
LAGUNA WOODS,Total,"2,4'-DDE",1.03E-05,1.59E-04,1.70E-04
DANA POINT,Total,"2,4'-DDE",3.16E-04,2.52E-04,5.68E-04
SAN JUAN CAPISTRANO,Total,"2,4'-DDE",2.46E-04,0.001087879,0.001333971
LAGUNA BEACH,Total,"2,4'-DDE",1.38E-04,1.19E-04,2.56E-04
SAN CLEMENTE,Total,"2,4'-DDE",6.78E-04,0.001440002,0.002117875
MISSION VIEJO,Total,"2,4'-DDT",0.001866708,0.001990957,0.003857665
LAKE FOREST,Total,"2,4'-DDT",6.02E-05,4.26E-04,4.86E-04
RANCHO SANTA MARGARITA,Total,"2,4'-DDT",4.13E-04,0.002082021,0.00249552
ORANGE CO,Total,"2,4'-DDT",0.001823142,0.003453308,0.00527645
LAGUNA NIGUEL,Total,"2,4'-DDT",0.001041907,0.00621969,0.007261597
ALISO VIEJO,Total,"2,4'-DDT",1.80E-04,4.63E-04,6.43E-04
LAGUNA HILLS,Total,"2,4'-DDT",5.62E-06,0.001040912,0.001046533
LAGUNA WOODS,Total,"2,4'-DDT",1.03E-05,1.59E-04,1.70E-04
DANA POINT,Total,"2,4'-DDT",3.16E-04,2.52E-04,5.68E-04
SAN JUAN CAPISTRANO,Total,"2,4'-DDT",2.46E-04,0.001087879,0.001333971
LAGUNA BEACH,Total,"2,4'-DDT",1.38E-04,1.19E-04,2.56E-04
SAN CLEMENTE,Total,"2,4'-DDT",6.78E-04,0.001440002,0.002117875
MISSION VIEJO,Total,"4,4'-DDD",0.001866708,0.001990957,0.003857665
LAKE FOREST,Total,"4,4'-DDD",6.02E-05,4.26E-04,4.86E-04
RANCHO SANTA MARGARITA,Total,"4,4'-DDD",4.13E-04,0.002082021,0.00249552
ORANGE CO,Total,"4,4'-DDD",0.001823142,0.003453308,0.00527645
LAGUNA NIGUEL,Total,"4,4'-DDD",0.001041907,0.00621969,0.007261597
ALISO VIEJO,Total,"4,4'-DDD",1.80E-04,4.63E-04,6.43E-04
LAGUNA HILLS,Total,"4,4'-DDD",5.62E-06,0.001040912,0.001046533
LAGUNA WOODS,Total,"4,4'-DDD",1.03E-05,1.59E-04,1.70E-04
DANA POINT,Total,"4,4'-DDD",3.16E-04,2.52E-04,5.68E-04
SAN JUAN CAPISTRANO,Total,"4,4'-DDD",2.46E-04,0.001087879,0.001333971
LAGUNA BEACH,Total,"4,4'-DDD",1.38E-04,1.19E-04,2.56E-04
SAN CLEMENTE,Total,"4,4'-DDD",6.78E-04,0.001440002,0.002117875
MISSION VIEJO,Total,"4,4'-DDE",0.001866708,0.001990957,0.003857665
LAKE FOREST,Total,"4,4'-DDE",6.02E-05,4.26E-04,4.86E-04
RANCHO SANTA MARGARITA,Total,"4,4'-DDE",4.13E-04,0.002082021,0.00249552
ORANGE CO,Total,"4,4'-DDE",0.001823142,0.003453308,0.00527645
LAGUNA NIGUEL,Total,"4,4'-DDE",0.001081557,0.007028249,0.008109806
ALISO VIEJO,Total,"4,4'-DDE",1.81E-04,5.24E-04,7.04E-04
LAGUNA HILLS,Total,"4,4'-DDE",5.62E-06,0.001040912,0.001046533
LAGUNA WOODS,Total,"4,4'-DDE",1.03E-05,1.59E-04,1.70E-04
DANA POINT,Total,"4,4'-DDE",3.16E-04,2.52E-04,5.68E-04
SAN JUAN CAPISTRANO,Total,"4,4'-DDE",2.46E-04,0.001087879,0.001333971
LAGUNA BEACH,Total,"4,4'-DDE",1.38E-04,1.19E-04,2.56E-04
SAN CLEMENTE,Total,"4,4'-DDE",6.78E-04,0.001440002,0.002117875
MISSION VIEJO,Total,"4,4'-DDT",0.001866708,0.001990957,0.003857665
LAKE FOREST,Total,"4,4'-DDT",6.02E-05,4.26E-04,4.86E-04
RANCHO SANTA MARGARITA,Total,"4,4'-DDT",4.13E-04,0.002082021,0.00249552
ORANGE CO,Total,"4,4'-DDT",0.001823142,0.003453308,0.00527645
LAGUNA NIGUEL,Total,"4,4'-DDT",0.001041907,0.00621969,0.007261597
ALISO VIEJO,Total,"4,4'-DDT",1.80E-04,4.63E-04,6.43E-04
LAGUNA HILLS,Total,"4,4'-DDT",5.62E-06,0.001040912,0.001046533
LAGUNA WOODS,Total,"4,4'-DDT",1.03E-05,1.59E-04,1.70E-04
DANA POINT,Total,"4,4'-DDT",3.16E-04,2.52E-04,5.68E-04
SAN JUAN CAPISTRANO,Total,"4,4'-DDT",2.46E-04,0.001087879,0.001333971
LAGUNA BEACH,Total,"4,4'-DDT",1.38E-04,1.19E-04,2.56E-04
SAN CLEMENTE,Total,"4,4'-DDT",0.001119423,0.002039042,0.003158465
MISSION VIEJO,Total,Acenaphthene,0.004666771,0.004977393,0.009644163
LAKE FOREST,Total,Acenaphthene,1.50E-04,0.001064601,0.001214986
RANCHO SANTA MARGARITA,Total,Acenaphthene,0.001033747,0.005205052,0.0062388
ORANGE CO,Total,Acenaphthene,0.004557855,0.008633269,0.013191124
LAGUNA NIGUEL,Total,Acenaphthene,0.002604768,0.015549225,0.018153992
ALISO VIEJO,Total,Acenaphthene,4.50E-04,0.001158326,0.001608629
LAGUNA HILLS,Total,Acenaphthene,1.41E-05,0.00260228,0.002616332
LAGUNA WOODS,Total,Acenaphthene,2.57E-05,3.99E-04,4.24E-04
DANA POINT,Total,Acenaphthene,7.89E-04,6.31E-04,0.001419809
SAN JUAN CAPISTRANO,Total,Acenaphthene,6.15E-04,0.002719698,0.003334928
LAGUNA BEACH,Total,Acenaphthene,3.45E-04,2.96E-04,6.41E-04
SAN CLEMENTE,Total,Acenaphthene,0.001694684,0.003600004,0.005294688
MISSION VIEJO,Total,Acenaphthylene,0.004666771,0.004977393,0.009644163
LAKE FOREST,Total,Acenaphthylene,1.50E-04,0.001064601,0.001214986
RANCHO SANTA MARGARITA,Total,Acenaphthylene,0.001033747,0.005205052,0.0062388
ORANGE CO,Total,Acenaphthylene,0.004557855,0.008633269,0.013191124
LAGUNA NIGUEL,Total,Acenaphthylene,0.002604768,0.015549225,0.018153992
ALISO VIEJO,Total,Acenaphthylene,4.50E-04,0.001158326,0.001608629
LAGUNA HILLS,Total,Acenaphthylene,1.41E-05,0.00260228,0.002616332
LAGUNA WOODS,Total,Acenaphthylene,2.57E-05,3.99E-04,4.24E-04
DANA POINT,Total,Acenaphthylene,7.89E-04,6.31E-04,0.001419809
SAN JUAN CAPISTRANO,Total,Acenaphthylene,6.15E-04,0.002719698,0.003334928
LAGUNA BEACH,Total,Acenaphthylene,3.45E-04,2.96E-04,6.41E-04
SAN CLEMENTE,Total,Acenaphthylene,0.001694684,0.003600004,0.005294688
MISSION VIEJO,Total,Aldrin,0.004666771,0.004977393,0.009644163
LAKE FOREST,Total,Aldrin,1.50E-04,0.001064601,0.001214986
RANCHO SANTA MARGARITA,Total,Aldrin,0.001033747,0.005205052,0.0062388
ORANGE CO,Total,Aldrin,0.004557855,0.008633269,0.013191124
LAGUNA NIGUEL,Total,Aldrin,0.002604768,0.015549225,0.018153992
ALISO VIEJO,Total,Aldrin,4.50E-04,0.001158326,0.001608629
LAGUNA HILLS,Total,Aldrin,1.41E-05,0.00260228,0.002616332
LAGUNA WOODS,Total,Aldrin,2.57E-05,3.99E-04,4.24E-04
DANA POINT,Total,Aldrin,7.89E-04,6.31E-04,0.001419809
SAN JUAN CAPISTRANO,Total,Aldrin,6.15E-04,0.002719698,0.003334928
LAGUNA BEACH,Total,Aldrin,3.45E-04,2.96E-04,6.41E-04
SAN CLEMENTE,Total,Aldrin,0.001694684,0.003600004,0.005294688
MISSION VIEJO,Total,BHC-alpha,0.004666771,0.004977393,0.009644163
LAKE FOREST,Total,BHC-alpha,1.50E-04,0.001064601,0.001214986
RANCHO SANTA MARGARITA,Total,BHC-alpha,0.001033747,0.005205052,0.0062388
ORANGE CO,Total,BHC-alpha,0.004557855,0.008633269,0.013191124
LAGUNA NIGUEL,Total,BHC-alpha,0.002604768,0.015549225,0.018153992
ALISO VIEJO,Total,BHC-alpha,4.50E-04,0.001158326,0.001608629
LAGUNA HILLS,Total,BHC-alpha,1.41E-05,0.00260228,0.002616332
LAGUNA WOODS,Total,BHC-alpha,2.57E-05,3.99E-04,4.24E-04
DANA POINT,Total,BHC-alpha,7.89E-04,6.31E-04,0.001419809
SAN JUAN CAPISTRANO,Total,BHC-alpha,6.15E-04,0.002719698,0.003334928
LAGUNA BEACH,Total,BHC-alpha,3.45E-04,2.96E-04,6.41E-04
SAN CLEMENTE,Total,BHC-alpha,0.001694684,0.003600004,0.005294688
MISSION VIEJO,Total,alpha Chlordane,0.001866708,0.001990957,0.003857665
LAKE FOREST,Total,alpha Chlordane,6.02E-05,4.26E-04,4.86E-04
RANCHO SANTA MARGARITA,Total,alpha Chlordane,4.13E-04,0.002082021,0.00249552
ORANGE CO,Total,alpha Chlordane,0.001823142,0.003453308,0.00527645
LAGUNA NIGUEL,Total,alpha Chlordane,0.001041907,0.00621969,0.007261597
ALISO VIEJO,Total,alpha Chlordane,1.80E-04,4.63E-04,6.43E-04
LAGUNA HILLS,Total,alpha Chlordane,5.62E-06,0.001040912,0.001046533
LAGUNA WOODS,Total,alpha Chlordane,1.03E-05,1.59E-04,1.70E-04
DANA POINT,Total,alpha Chlordane,3.16E-04,2.52E-04,5.68E-04
SAN JUAN CAPISTRANO,Total,alpha Chlordane,2.46E-04,0.001087879,0.001333971
LAGUNA BEACH,Total,alpha Chlordane,1.38E-04,1.19E-04,2.56E-04
SAN CLEMENTE,Total,alpha Chlordane,6.78E-04,0.001440002,0.002117875
MISSION VIEJO,Total,"Ammonia, as Nitrogen",522.9570803,342.195757,865.1528373
LAKE FOREST,Total,"Ammonia, as Nitrogen",10.29130407,110.0087643,120.3000683
RANCHO SANTA MARGARITA,Total,"Ammonia, as Nitrogen",28.88341152,174.3692557,203.2526672
ORANGE CO,Total,"Ammonia, as Nitrogen",3369.799961,2231.446127,5601.246088
LAGUNA NIGUEL,Total,"Ammonia, as Nitrogen",189.1056095,849.2268774,1038.332487
ALISO VIEJO,Total,"Ammonia, as Nitrogen",132.2785539,216.9227866,349.2013405
LAGUNA HILLS,Total,"Ammonia, as Nitrogen",3.709705145,343.5009656,347.2106707
LAGUNA WOODS,Total,"Ammonia, as Nitrogen",6.789991354,52.63112736,59.42111871
DANA POINT,Total,"Ammonia, as Nitrogen",28.13579334,15.13673253,43.27252587
SAN JUAN CAPISTRANO,Total,"Ammonia, as Nitrogen",526.2061072,794.1519004,1320.358008
LAGUNA BEACH,Total,"Ammonia, as Nitrogen",6.894444506,5.929304917,12.82374942
SAN CLEMENTE,Total,"Ammonia, as Nitrogen",151.1766948,328.3203744,479.4970692
MISSION VIEJO,Total,Anthracene,0.004666771,0.004977393,0.009644163
LAKE FOREST,Total,Anthracene,1.50E-04,0.001064601,0.001214986
RANCHO SANTA MARGARITA,Total,Anthracene,0.001033747,0.005205052,0.0062388
ORANGE CO,Total,Anthracene,0.004557855,0.008633269,0.013191124
LAGUNA NIGUEL,Total,Anthracene,0.002604768,0.015549225,0.018153992
ALISO VIEJO,Total,Anthracene,4.50E-04,0.001158326,0.001608629
LAGUNA HILLS,Total,Anthracene,1.41E-05,0.00260228,0.002616332
LAGUNA WOODS,Total,Anthracene,2.57E-05,3.99E-04,4.24E-04
DANA POINT,Total,Anthracene,7.89E-04,6.31E-04,0.001419809
SAN JUAN CAPISTRANO,Total,Anthracene,6.15E-04,0.002719698,0.003334928
LAGUNA BEACH,Total,Anthracene,3.45E-04,2.96E-04,6.41E-04
SAN CLEMENTE,Total,Anthracene,0.001694684,0.003600004,0.005294688
MISSION VIEJO,Total,"Arsenic, Total",12.62210393,9.564889886,22.18699382
MISSION VIEJO,Dissolved,"Arsenic, Total",12.32129644,9.564889886,21.88618633
LAKE FOREST,Total,"Arsenic, Total",0.336949902,2.427290153,2.764240056
LAKE FOREST,Dissolved,"Arsenic, Total",0.317753014,2.427290153,2.745043168
RANCHO SANTA MARGARITA,Total,"Arsenic, Total",1.18146855,7.266253163,8.447721713
RANCHO SANTA MARGARITA,Dissolved,"Arsenic, Total",1.138539333,7.266253163,8.404792496
ORANGE CO,Total,"Arsenic, Total",4.994301774,15.31081487,20.30511664
ORANGE CO,Dissolved,"Arsenic, Total",4.760440883,15.31081487,20.07125575
LAGUNA NIGUEL,Total,"Arsenic, Total",1.68432924,17.72611595,19.41044519
ALISO VIEJO,Total,"Arsenic, Total",1.17378754,3.941202716,5.114990256
LAGUNA NIGUEL,Dissolved,"Arsenic, Total",1.630980125,17.72611595,19.35709607
ALISO VIEJO,Dissolved,"Arsenic, Total",1.143398389,3.941202716,5.084601106
LAGUNA HILLS,Total,"Arsenic, Total",0.03400563,6.271494902,6.305500533
LAGUNA WOODS,Total,"Arsenic, Total",0.062241587,0.960916795,1.023158382
LAGUNA HILLS,Dissolved,"Arsenic, Total",0.033724592,6.271494902,6.305219494
LAGUNA WOODS,Dissolved,"Arsenic, Total",0.061727194,0.960916795,1.022643989
DANA POINT,Total,"Arsenic, Total",0.563965301,0.425720602,0.989685904
SAN JUAN CAPISTRANO,Total,"Arsenic, Total",0.377461205,1.584224253,1.961685458
DANA POINT,Dissolved,"Arsenic, Total",0.494126331,0.425720602,0.919846933
SAN JUAN CAPISTRANO,Dissolved,"Arsenic, Total",0.360912031,1.584224253,1.945136285
LAGUNA BEACH,Total,"Arsenic, Total",0.256812902,0.237172197,0.493985099
LAGUNA BEACH,Dissolved,"Arsenic, Total",0.269914409,0.237172197,0.507086606
SAN CLEMENTE,Total,"Arsenic, Total",2.381518583,6.516007432,8.897526014
SAN CLEMENTE,Dissolved,"Arsenic, Total",2.229418021,6.516007432,8.745425452
MISSION VIEJO,Total,Azinphos Methyl,0.009333541,0.009954786,0.019288327
LAKE FOREST,Total,Azinphos Methyl,3.01E-04,0.002129202,0.002429972
RANCHO SANTA MARGARITA,Total,Azinphos Methyl,0.002067494,0.010410105,0.012477599
ORANGE CO,Total,Azinphos Methyl,0.00911571,0.017266538,0.026382249
LAGUNA NIGUEL,Total,Azinphos Methyl,0.005209536,0.031098449,0.036307985
ALISO VIEJO,Total,Azinphos Methyl,9.01E-04,0.002316651,0.003217257
LAGUNA HILLS,Total,Azinphos Methyl,2.81E-05,0.00520456,0.005232664
LAGUNA WOODS,Total,Azinphos Methyl,5.14E-05,7.97E-04,8.49E-04
DANA POINT,Total,Azinphos Methyl,0.001578223,0.001261394,0.002839618
SAN JUAN CAPISTRANO,Total,Azinphos Methyl,0.001230459,0.005439397,0.006669855
LAGUNA BEACH,Total,Azinphos Methyl,6.89E-04,5.93E-04,0.001282375
SAN CLEMENTE,Total,Azinphos Methyl,0.003389368,0.007200008,0.010589376
MISSION VIEJO,Total,Benz[a]anthracene,0.004666771,0.004977393,0.009644163
LAKE FOREST,Total,Benz[a]anthracene,1.50E-04,0.001064601,0.001214986
RANCHO SANTA MARGARITA,Total,Benz[a]anthracene,0.007511023,0.010826509,0.018337532
ORANGE CO,Total,Benz[a]anthracene,0.004596378,0.013599938,0.018196315
LAGUNA NIGUEL,Total,Benz[a]anthracene,0.002669519,0.026882881,0.0295524
ALISO VIEJO,Total,Benz[a]anthracene,5.26E-04,0.002050236,0.002575937
LAGUNA HILLS,Total,Benz[a]anthracene,1.41E-05,0.00260228,0.002616332
LAGUNA WOODS,Total,Benz[a]anthracene,2.57E-05,3.99E-04,4.24E-04
DANA POINT,Total,Benz[a]anthracene,7.89E-04,6.31E-04,0.001419809
SAN JUAN CAPISTRANO,Total,Benz[a]anthracene,6.15E-04,0.002719698,0.003334928
LAGUNA BEACH,Total,Benz[a]anthracene,3.45E-04,2.96E-04,6.41E-04
SAN CLEMENTE,Total,Benz[a]anthracene,0.001694684,0.003600004,0.005294688
MISSION VIEJO,Total,Benzo[a]pyrene,0.004666771,0.004977393,0.009644163
LAKE FOREST,Total,Benzo[a]pyrene,1.50E-04,0.001064601,0.001214986
RANCHO SANTA MARGARITA,Total,Benzo[a]pyrene,0.001033747,0.005205052,0.0062388
ORANGE CO,Total,Benzo[a]pyrene,0.004557855,0.008633269,0.013191124
LAGUNA NIGUEL,Total,Benzo[a]pyrene,0.002756778,0.023012852,0.02576963
ALISO VIEJO,Total,Benzo[a]pyrene,4.53E-04,0.001714322,0.002167157
LAGUNA HILLS,Total,Benzo[a]pyrene,1.41E-05,0.00260228,0.002616332
LAGUNA WOODS,Total,Benzo[a]pyrene,2.57E-05,3.99E-04,4.24E-04
DANA POINT,Total,Benzo[a]pyrene,7.89E-04,6.31E-04,0.001419809
SAN JUAN CAPISTRANO,Total,Benzo[a]pyrene,6.15E-04,0.002719698,0.003334928
LAGUNA BEACH,Total,Benzo[a]pyrene,3.45E-04,2.96E-04,6.41E-04
SAN CLEMENTE,Total,Benzo[a]pyrene,0.001694684,0.003600004,0.005294688
MISSION VIEJO,Total,Benzo[b]fluoranthene,0.004666771,0.004977393,0.009644163
LAKE FOREST,Total,Benzo[b]fluoranthene,1.50E-04,0.001064601,0.001214986
RANCHO SANTA MARGARITA,Total,Benzo[b]fluoranthene,0.017025361,0.020039452,0.037064813
ORANGE CO,Total,Benzo[b]fluoranthene,0.004653092,0.023035593,0.027688685
LAGUNA NIGUEL,Total,Benzo[b]fluoranthene,0.002696926,0.032411495,0.035108421
ALISO VIEJO,Total,Benzo[b]fluoranthene,6.80E-04,0.00293288,0.003612537
LAGUNA HILLS,Total,Benzo[b]fluoranthene,1.41E-05,0.00260228,0.002616332
LAGUNA WOODS,Total,Benzo[b]fluoranthene,2.57E-05,3.99E-04,4.24E-04
DANA POINT,Total,Benzo[b]fluoranthene,7.89E-04,6.31E-04,0.001419809
SAN JUAN CAPISTRANO,Total,Benzo[b]fluoranthene,6.15E-04,0.002719698,0.003334928
LAGUNA BEACH,Total,Benzo[b]fluoranthene,3.45E-04,2.96E-04,6.41E-04
SAN CLEMENTE,Total,Benzo[b]fluoranthene,0.001694684,0.003600004,0.005294688
MISSION VIEJO,Total,"Benzo(g,h,i)perylene",0.004666771,0.004977393,0.009644163
RANCHO SANTA MARGARITA,Total,"Benzo(g,h,i)perylene",0.001033747,0.005205052,0.0062388
ORANGE CO,Total,"Benzo(g,h,i)perylene",0.004558187,0.00985056,0.014408747
LAGUNA NIGUEL,Total,"Benzo(g,h,i)perylene",0.003417898,0.049073353,0.052491251
ALISO VIEJO,Total,"Benzo(g,h,i)perylene",5.77E-04,0.003667259,0.004244181
LAGUNA HILLS,Total,"Benzo(g,h,i)perylene",1.41E-05,0.00260228,0.002616332
LAGUNA WOODS,Total,"Benzo(g,h,i)perylene",2.57E-05,3.99E-04,4.24E-04
LAKE FOREST,Total,"Benzo(g,h,i)perylene",1.50E-04,0.001064601,0.001214986
DANA POINT,Total,"Benzo(g,h,i)perylene",7.89E-04,6.31E-04,0.001419809
SAN JUAN CAPISTRANO,Total,"Benzo(g,h,i)perylene",6.15E-04,0.002719698,0.003334928
LAGUNA BEACH,Total,"Benzo(g,h,i)perylene",3.45E-04,2.96E-04,6.41E-04
SAN CLEMENTE,Total,"Benzo(g,h,i)perylene",0.001694684,0.003600004,0.005294688
MISSION VIEJO,Total,Benzo(k)fluoranthene,0.004666771,0.004977393,0.009644163
LAKE FOREST,Total,Benzo(k)fluoranthene,1.50E-04,0.001064601,0.001214986
RANCHO SANTA MARGARITA,Total,Benzo(k)fluoranthene,0.007699159,0.011008686,0.018707845
ORANGE CO,Total,Benzo(k)fluoranthene,0.004597936,0.015966469,0.020564406
LAGUNA NIGUEL,Total,Benzo(k)fluoranthene,0.002679454,0.028887004,0.031566458
ALISO VIEJO,Total,Benzo(k)fluoranthene,6.78E-04,0.002691949,0.003369925
LAGUNA HILLS,Total,Benzo(k)fluoranthene,1.41E-05,0.00260228,0.002616332
LAGUNA WOODS,Total,Benzo(k)fluoranthene,2.57E-05,3.99E-04,4.24E-04
DANA POINT,Total,Benzo(k)fluoranthene,7.89E-04,6.31E-04,0.001419809
SAN JUAN CAPISTRANO,Total,Benzo(k)fluoranthene,6.15E-04,0.002719698,0.003334928
LAGUNA BEACH,Total,Benzo(k)fluoranthene,3.45E-04,2.96E-04,6.41E-04
SAN CLEMENTE,Total,Benzo(k)fluoranthene,0.001694684,0.003600004,0.005294688
MISSION VIEJO,Total,BHC-beta,0.004666771,0.004977393,0.009644163
LAKE FOREST,Total,BHC-beta,1.50E-04,0.001064601,0.001214986
RANCHO SANTA MARGARITA,Total,BHC-beta,0.001033747,0.005205052,0.0062388
ORANGE CO,Total,BHC-beta,0.004557855,0.008633269,0.013191124
LAGUNA NIGUEL,Total,BHC-beta,0.002604768,0.015549225,0.018153992
ALISO VIEJO,Total,BHC-beta,4.50E-04,0.001158326,0.001608629
LAGUNA HILLS,Total,BHC-beta,1.41E-05,0.00260228,0.002616332
LAGUNA WOODS,Total,BHC-beta,2.57E-05,3.99E-04,4.24E-04
DANA POINT,Total,BHC-beta,7.89E-04,6.31E-04,0.001419809
SAN JUAN CAPISTRANO,Total,BHC-beta,6.15E-04,0.002719698,0.003334928
LAGUNA BEACH,Total,BHC-beta,3.45E-04,2.96E-04,6.41E-04
SAN CLEMENTE,Total,BHC-beta,0.001694684,0.003600004,0.005294688
MISSION VIEJO,Total,Biphenyl,0.004666771,0.004977393,0.009644163
RANCHO SANTA MARGARITA,Total,Biphenyl,0.001033747,0.005205052,0.0062388
ORANGE CO,Total,Biphenyl,0.004557855,0.008633269,0.013191124
LAGUNA NIGUEL,Total,Biphenyl,0.002604768,0.015549225,0.018153992
ALISO VIEJO,Total,Biphenyl,4.50E-04,0.001158326,0.001608629
LAGUNA HILLS,Total,Biphenyl,1.41E-05,0.00260228,0.002616332
LAGUNA WOODS,Total,Biphenyl,2.57E-05,3.99E-04,4.24E-04
LAKE FOREST,Total,Biphenyl,1.50E-04,0.001064601,0.001214986
DANA POINT,Total,Biphenyl,7.89E-04,6.31E-04,0.001419809
SAN JUAN CAPISTRANO,Total,Biphenyl,6.15E-04,0.002719698,0.003334928
LAGUNA BEACH,Total,Biphenyl,3.45E-04,2.96E-04,6.41E-04
SAN CLEMENTE,Total,Biphenyl,0.001694684,0.003600004,0.005294688
MISSION VIEJO,Total,Bolstar (Sulprofos),0.003733416,0.003981914,0.007715331
LAKE FOREST,Total,Bolstar (Sulprofos),1.20E-04,8.52E-04,9.72E-04
RANCHO SANTA MARGARITA,Total,Bolstar (Sulprofos),8.27E-04,0.004164042,0.00499104
ORANGE CO,Total,Bolstar (Sulprofos),0.003646284,0.006906615,0.010552899
LAGUNA NIGUEL,Total,Bolstar (Sulprofos),0.002083814,0.01243938,0.014523194
ALISO VIEJO,Total,Bolstar (Sulprofos),3.60E-04,9.27E-04,0.001286903
LAGUNA HILLS,Total,Bolstar (Sulprofos),1.12E-05,0.002081824,0.002093066
LAGUNA WOODS,Total,Bolstar (Sulprofos),2.06E-05,3.19E-04,3.40E-04
DANA POINT,Total,Bolstar (Sulprofos),6.31E-04,5.05E-04,0.001135847
SAN JUAN CAPISTRANO,Total,Bolstar (Sulprofos),4.92E-04,0.002175759,0.002667942
LAGUNA BEACH,Total,Bolstar (Sulprofos),2.76E-04,2.37E-04,5.13E-04
SAN CLEMENTE,Total,Bolstar (Sulprofos),0.001355747,0.002880003,0.00423575
MISSION VIEJO,Total,Cadmium,25.25318078,10.54594678,35.79912755
MISSION VIEJO,Dissolved,Cadmium,13.05265985,10.54594678,23.59860663
LAKE FOREST,Total,Cadmium,0.02182767,0.143508207,0.165335877
LAKE FOREST,Dissolved,Cadmium,0.023955278,0.143508207,0.167463485
RANCHO SANTA MARGARITA,Total,Cadmium,0.996839388,6.558366035,7.555205423
RANCHO SANTA MARGARITA,Dissolved,Cadmium,0.453232993,6.558366035,7.011599028
ORANGE CO,Total,Cadmium,4.150611672,17.16509717,21.31570884
ORANGE CO,Dissolved,Cadmium,3.455432507,17.16509717,20.62052968
LAGUNA NIGUEL,Total,Cadmium,4.505344899,15.14860332,19.65394822
ALISO VIEJO,Total,Cadmium,0.18205267,0.619848965,0.801901635
LAGUNA NIGUEL,Dissolved,Cadmium,2.39442544,15.14860332,17.54302876
ALISO VIEJO,Dissolved,Cadmium,0.126378289,0.619848965,0.746227254
LAGUNA HILLS,Total,Cadmium,0.002669864,0.491830928,0.494500792
LAGUNA WOODS,Total,Cadmium,0.004886736,0.075358205,0.080244941
LAGUNA HILLS,Dissolved,Cadmium,0.00264176,0.491830928,0.494472688
LAGUNA WOODS,Dissolved,Cadmium,0.004835297,0.075358205,0.080193502
DANA POINT,Total,Cadmium,2.085659258,0.446048458,2.531707716
SAN JUAN CAPISTRANO,Total,Cadmium,0.345981678,0.407460253,0.75344193
DANA POINT,Dissolved,Cadmium,0.599476098,0.446048458,1.045524556
SAN JUAN CAPISTRANO,Dissolved,Cadmium,0.098492935,0.407460253,0.505953188
LAGUNA BEACH,Total,Cadmium,0.013788889,0.01185861,0.025647499
LAGUNA BEACH,Dissolved,Cadmium,0.013788889,0.01185861,0.025647499
SAN CLEMENTE,Total,Cadmium,8.026012483,27.80553171,35.8315442
SAN CLEMENTE,Dissolved,Cadmium,6.514787092,27.80553171,34.3203188
MISSION VIEJO,Total,Calcium,703.2203079,658.3431582,1361.563466
LAKE FOREST,Total,Calcium,13.76234113,105.2890334,119.0513745
RANCHO SANTA MARGARITA,Total,Calcium,51.838355,333.6289878,385.4673428
ORANGE CO,Total,Calcium,390.5733945,768.9249848,1159.498379
LAGUNA NIGUEL,Total,Calcium,286.9674342,1552.35683,1839.324264
ALISO VIEJO,Total,Calcium,33.18120516,104.3506538,137.531859
LAGUNA HILLS,Total,Calcium,1.520417033,281.5667006,283.0871176
LAGUNA WOODS,Total,Calcium,2.782867669,43.14157561,45.92444328
DANA POINT,Total,Calcium,81.61693968,56.04795685,137.6648965
SAN JUAN CAPISTRANO,Total,Calcium,50.22377614,236.1242054,286.3479816
LAGUNA BEACH,Total,Calcium,59.20389418,47.55302543,106.7569196
SAN CLEMENTE,Total,Calcium,156.2200007,415.620474,571.8404748
MISSION VIEJO,Total,Chloride,667578.3112,0,667578.3112
LAKE FOREST,Total,Chloride,16745.52758,0,16745.52758
RANCHO SANTA MARGARITA,Total,Chloride,67365.99517,0,67365.99517
ORANGE CO,Total,Chloride,592326.9545,0,592326.9545
LAGUNA NIGUEL,Total,Chloride,590902.9554,0,590902.9554
ALISO VIEJO,Total,Chloride,55060.36334,0,55060.36334
LAGUNA HILLS,Total,Chloride,2220.202322,0,2220.202322
LAGUNA WOODS,Total,Chloride,4063.706947,0,4063.706947
DANA POINT,Total,Chloride,299966.9867,0,299966.9867
SAN JUAN CAPISTRANO,Total,Chloride,94207.93823,0,94207.93823
LAGUNA BEACH,Total,Chloride,252001.2268,0,252001.2268
SAN CLEMENTE,Total,Chloride,256362.2692,0,256362.2692
MISSION VIEJO,Total,Chlorpyrifos,9.33E-04,9.95E-04,0.001928833
LAKE FOREST,Total,Chlorpyrifos,3.01E-05,2.13E-04,2.43E-04
RANCHO SANTA MARGARITA,Total,Chlorpyrifos,2.07E-04,0.00104101,0.00124776
ORANGE CO,Total,Chlorpyrifos,9.12E-04,0.001726654,0.002638225
LAGUNA NIGUEL,Total,Chlorpyrifos,5.21E-04,0.003109845,0.003630798
ALISO VIEJO,Total,Chlorpyrifos,9.01E-05,2.32E-04,3.22E-04
LAGUNA HILLS,Total,Chlorpyrifos,2.81E-06,5.20E-04,5.23E-04
LAGUNA WOODS,Total,Chlorpyrifos,5.14E-06,7.97E-05,8.49E-05
DANA POINT,Total,Chlorpyrifos,1.58E-04,1.26E-04,2.84E-04
SAN JUAN CAPISTRANO,Total,Chlorpyrifos,4.38E-04,8.66E-04,0.00130422
LAGUNA BEACH,Total,Chlorpyrifos,6.89E-05,5.93E-05,1.28E-04
SAN CLEMENTE,Total,Chlorpyrifos,3.39E-04,7.20E-04,0.001058938
MISSION VIEJO,Total,Chromium,0.970888154,0.730254634,1.701142788
MISSION VIEJO,Dissolved,Chromium,0.718580389,0.730254634,1.448835023
LAKE FOREST,Total,Chromium,0.064737748,0.272537842,0.337275589
LAKE FOREST,Dissolved,Chromium,0.024202881,0.272537842,0.296740722
RANCHO SANTA MARGARITA,Total,Chromium,0.165899865,0.655142597,0.821042462
RANCHO SANTA MARGARITA,Dissolved,Chromium,0.110389288,0.655142597,0.765531884
ORANGE CO,Total,Chromium,0.860283474,2.280752712,3.141036186
ORANGE CO,Dissolved,Chromium,0.507088799,2.280752712,2.787841511
LAGUNA NIGUEL,Total,Chromium,0.512478876,2.406037899,2.918516774
ALISO VIEJO,Total,Chromium,0.300590602,0.505544755,0.806135357
LAGUNA NIGUEL,Dissolved,Chromium,0.41724002,2.406037899,2.823277919
ALISO VIEJO,Dissolved,Chromium,0.195880875,0.505544755,0.70142563
LAGUNA HILLS,Total,Chromium,0.002922798,0.536069689,0.538992487
LAGUNA WOODS,Total,Chromium,0.00534969,0.082136456,0.087486146
LAGUNA HILLS,Dissolved,Chromium,0.00286659,0.536069689,0.538936279
LAGUNA WOODS,Dissolved,Chromium,0.005246812,0.082136456,0.087383268
DANA POINT,Total,Chromium,0.204088624,0.107428755,0.311517378
SAN JUAN CAPISTRANO,Total,Chromium,0.12967123,0.301206586,0.430877815
DANA POINT,Dissolved,Chromium,0.148639033,0.107428755,0.256067788
SAN JUAN CAPISTRANO,Dissolved,Chromium,0.052343264,0.301206586,0.35354985
LAGUNA BEACH,Total,Chromium,0.048507882,0.027867733,0.076375615
LAGUNA BEACH,Dissolved,Chromium,0.042122787,0.027867733,0.069990521
SAN CLEMENTE,Total,Chromium,0.721325916,1.212301383,1.933627299
SAN CLEMENTE,Dissolved,Chromium,0.295579346,1.212301383,1.507880729
MISSION VIEJO,Total,Chrysene,0.004666771,0.004977393,0.009644163
RANCHO SANTA MARGARITA,Total,Chrysene,0.004823357,0.008223983,0.013047339
ORANGE CO,Total,Chrysene,0.004580669,0.012492848,0.017073517
LAGUNA NIGUEL,Total,Chrysene,0.00265787,0.027599874,0.030257744
ALISO VIEJO,Total,Chrysene,5.89E-04,0.002337244,0.002925956
LAGUNA HILLS,Total,Chrysene,1.41E-05,0.00260228,0.002616332
LAGUNA WOODS,Total,Chrysene,2.57E-05,3.99E-04,4.24E-04
LAKE FOREST,Total,Chrysene,1.50E-04,0.001064601,0.001214986
DANA POINT,Total,Chrysene,7.89E-04,6.31E-04,0.001419809
SAN JUAN CAPISTRANO,Total,Chrysene,6.15E-04,0.002719698,0.003334928
LAGUNA BEACH,Total,Chrysene,3.45E-04,2.96E-04,6.41E-04
SAN CLEMENTE,Total,Chrysene,0.001694684,0.003600004,0.005294688
MISSION VIEJO,Total,Copper,9.433083598,10.18706399,19.62014759
MISSION VIEJO,Dissolved,Copper,6.762505697,10.18706399,16.94956969
LAKE FOREST,Total,Copper,0.565860033,2.432613158,2.998473191
LAKE FOREST,Dissolved,Copper,0.347131343,2.432613158,2.779744501
RANCHO SANTA MARGARITA,Total,Copper,2.40174076,9.963957469,12.36569823
RANCHO SANTA MARGARITA,Dissolved,Copper,1.639393584,9.963957469,11.60335105
ORANGE CO,Total,Copper,5.706408527,15.10361641,20.81002494
ORANGE CO,Dissolved,Copper,3.875030033,15.10361641,18.97864644
LAGUNA NIGUEL,Total,Copper,11.00081051,31.91478332,42.91559383
ALISO VIEJO,Total,Copper,1.045574891,2.154485541,3.200060432
LAGUNA NIGUEL,Dissolved,Copper,7.347760566,31.91478332,39.26254388
ALISO VIEJO,Dissolved,Copper,0.747133376,2.154485541,2.901618917
LAGUNA HILLS,Total,Copper,0.021358908,3.487055257,3.508414165
LAGUNA WOODS,Total,Copper,0.03909389,0.534285687,0.573379576
LAGUNA HILLS,Dissolved,Copper,0.01630022,3.487055257,3.503355476
LAGUNA WOODS,Dissolved,Copper,0.02983481,0.534285687,0.564120497
DANA POINT,Total,Copper,3.603572473,1.889989243,5.493561716
SAN JUAN CAPISTRANO,Total,Copper,0.821089843,3.250039455,4.071129298
DANA POINT,Dissolved,Copper,2.328454154,1.889989243,4.218443397
SAN JUAN CAPISTRANO,Dissolved,Copper,0.588959737,3.250039455,3.838999192
LAGUNA BEACH,Total,Copper,0.197856122,0.207525672,0.405381794
LAGUNA BEACH,Dissolved,Copper,0.241305558,0.207525672,0.44883123
SAN CLEMENTE,Total,Copper,3.358810435,5.868006692,9.226817128
SAN CLEMENTE,Dissolved,Copper,2.425682211,5.868006692,8.293688904
MISSION VIEJO,Total,delta BHC,0.004666771,0.004977393,0.009644163
LAKE FOREST,Total,delta BHC,1.50E-04,0.001064601,0.001214986
RANCHO SANTA MARGARITA,Total,delta BHC,0.001033747,0.005205052,0.0062388
ORANGE CO,Total,delta BHC,0.004557855,0.008633269,0.013191124
LAGUNA NIGUEL,Total,delta BHC,0.002604768,0.015549225,0.018153992
ALISO VIEJO,Total,delta BHC,4.50E-04,0.001158326,0.001608629
LAGUNA HILLS,Total,delta BHC,1.41E-05,0.00260228,0.002616332
LAGUNA WOODS,Total,delta BHC,2.57E-05,3.99E-04,4.24E-04
DANA POINT,Total,delta BHC,7.89E-04,6.31E-04,0.001419809
SAN JUAN CAPISTRANO,Total,delta BHC,6.15E-04,0.002719698,0.003334928
LAGUNA BEACH,Total,delta BHC,3.45E-04,2.96E-04,6.41E-04
SAN CLEMENTE,Total,delta BHC,0.001694684,0.003600004,0.005294688
MISSION VIEJO,Total,Demeton,0.001866708,0.001990957,0.003857665
LAKE FOREST,Total,Demeton,6.02E-05,4.26E-04,4.86E-04
RANCHO SANTA MARGARITA,Total,Demeton,4.13E-04,0.002082021,0.00249552
ORANGE CO,Total,Demeton,0.001823142,0.003453308,0.00527645
LAGUNA NIGUEL,Total,Demeton,0.001041907,0.00621969,0.007261597
ALISO VIEJO,Total,Demeton,1.80E-04,4.63E-04,6.43E-04
LAGUNA HILLS,Total,Demeton,5.62E-06,0.001040912,0.001046533
LAGUNA WOODS,Total,Demeton,1.03E-05,1.59E-04,1.70E-04
DANA POINT,Total,Demeton,3.16E-04,2.52E-04,5.68E-04
SAN JUAN CAPISTRANO,Total,Demeton,2.46E-04,0.001087879,0.001333971
LAGUNA BEACH,Total,Demeton,1.38E-04,1.19E-04,2.56E-04
SAN CLEMENTE,Total,Demeton,6.78E-04,0.001440002,0.002117875
MISSION VIEJO,Total,Diazinon,9.33E-04,9.95E-04,0.001928833
LAKE FOREST,Total,Diazinon,3.01E-05,2.13E-04,2.43E-04
RANCHO SANTA MARGARITA,Total,Diazinon,2.08E-04,0.002576501,0.002784344
ORANGE CO,Total,Diazinon,0.001006659,0.003690976,0.004697635
LAGUNA NIGUEL,Total,Diazinon,5.21E-04,0.003109845,0.003630798
ALISO VIEJO,Total,Diazinon,3.65E-04,4.26E-04,7.91E-04
LAGUNA HILLS,Total,Diazinon,2.81E-06,5.20E-04,5.23E-04
LAGUNA WOODS,Total,Diazinon,5.14E-06,7.97E-05,8.49E-05
DANA POINT,Total,Diazinon,1.58E-04,1.26E-04,2.84E-04
SAN JUAN CAPISTRANO,Total,Diazinon,1.23E-04,5.44E-04,6.67E-04
LAGUNA BEACH,Total,Diazinon,6.89E-05,5.93E-05,1.28E-04
SAN CLEMENTE,Total,Diazinon,3.39E-04,7.20E-04,0.001058938
MISSION VIEJO,Total,"Dibenz(a,h)anthracene",0.004666771,0.004977393,0.009644163
LAKE FOREST,Total,"Dibenz(a,h)anthracene",1.50E-04,0.001064601,0.001214986
RANCHO SANTA MARGARITA,Total,"Dibenz(a,h)anthracene",0.001033747,0.005205052,0.0062388
ORANGE CO,Total,"Dibenz(a,h)anthracene",0.004557855,0.008633269,0.013191124
LAGUNA NIGUEL,Total,"Dibenz(a,h)anthracene",0.002604768,0.015549225,0.018153992
ALISO VIEJO,Total,"Dibenz(a,h)anthracene",4.50E-04,0.001158326,0.001608629
LAGUNA HILLS,Total,"Dibenz(a,h)anthracene",1.41E-05,0.00260228,0.002616332
LAGUNA WOODS,Total,"Dibenz(a,h)anthracene",2.57E-05,3.99E-04,4.24E-04
DANA POINT,Total,"Dibenz(a,h)anthracene",7.89E-04,6.31E-04,0.001419809
SAN JUAN CAPISTRANO,Total,"Dibenz(a,h)anthracene",6.15E-04,0.002719698,0.003334928
LAGUNA BEACH,Total,"Dibenz(a,h)anthracene",3.45E-04,2.96E-04,6.41E-04
SAN CLEMENTE,Total,"Dibenz(a,h)anthracene",0.001694684,0.003600004,0.005294688
MISSION VIEJO,Total,Dibenzothiophene,0.004666771,0.004977393,0.009644163
LAKE FOREST,Total,Dibenzothiophene,1.50E-04,0.001064601,0.001214986
RANCHO SANTA MARGARITA,Total,Dibenzothiophene,0.001033747,0.005205052,0.0062388
ORANGE CO,Total,Dibenzothiophene,0.004557855,0.008633269,0.013191124
LAGUNA NIGUEL,Total,Dibenzothiophene,0.002604768,0.015549225,0.018153992
ALISO VIEJO,Total,Dibenzothiophene,4.50E-04,0.001158326,0.001608629
LAGUNA HILLS,Total,Dibenzothiophene,1.41E-05,0.00260228,0.002616332
LAGUNA WOODS,Total,Dibenzothiophene,2.57E-05,3.99E-04,4.24E-04
DANA POINT,Total,Dibenzothiophene,7.89E-04,6.31E-04,0.001419809
SAN JUAN CAPISTRANO,Total,Dibenzothiophene,6.15E-04,0.002719698,0.003334928
LAGUNA BEACH,Total,Dibenzothiophene,3.45E-04,2.96E-04,6.41E-04
SAN CLEMENTE,Total,Dibenzothiophene,0.001694684,0.003600004,0.005294688
MISSION VIEJO,Total,Dichlorvos,0.005600125,0.005972871,0.011572996
LAKE FOREST,Total,Dichlorvos,1.80E-04,0.001277521,0.001457983
RANCHO SANTA MARGARITA,Total,Dichlorvos,0.001240497,0.006246063,0.007486559
ORANGE CO,Total,Dichlorvos,0.005469426,0.010359923,0.015829349
LAGUNA NIGUEL,Total,Dichlorvos,0.003125721,0.018659069,0.021784791
ALISO VIEJO,Total,Dichlorvos,5.40E-04,0.001389991,0.001930354
LAGUNA HILLS,Total,Dichlorvos,1.69E-05,0.003122736,0.003139598
LAGUNA WOODS,Total,Dichlorvos,3.09E-05,4.78E-04,5.09E-04
DANA POINT,Total,Dichlorvos,9.47E-04,7.57E-04,0.001703771
SAN JUAN CAPISTRANO,Total,Dichlorvos,7.38E-04,0.003263638,0.004001913
LAGUNA BEACH,Total,Dichlorvos,4.14E-04,3.56E-04,7.69E-04
SAN CLEMENTE,Total,Dichlorvos,0.002033621,0.004320005,0.006353626
MISSION VIEJO,Total,Dieldrin,0.001866708,0.001990957,0.003857665
LAKE FOREST,Total,Dieldrin,6.02E-05,4.26E-04,4.86E-04
RANCHO SANTA MARGARITA,Total,Dieldrin,4.13E-04,0.002082021,0.00249552
ORANGE CO,Total,Dieldrin,0.001823142,0.003453308,0.00527645
LAGUNA NIGUEL,Total,Dieldrin,0.001041907,0.00621969,0.007261597
ALISO VIEJO,Total,Dieldrin,1.80E-04,4.63E-04,6.43E-04
LAGUNA HILLS,Total,Dieldrin,5.62E-06,0.001040912,0.001046533
LAGUNA WOODS,Total,Dieldrin,1.03E-05,1.59E-04,1.70E-04
DANA POINT,Total,Dieldrin,3.16E-04,2.52E-04,5.68E-04
SAN JUAN CAPISTRANO,Total,Dieldrin,2.46E-04,0.001087879,0.001333971
LAGUNA BEACH,Total,Dieldrin,1.38E-04,1.19E-04,2.56E-04
SAN CLEMENTE,Total,Dieldrin,0.001727044,0.002148482,0.003875527
MISSION VIEJO,Total,Dimethoate,0.015017333,0.022753796,0.037771129
LAKE FOREST,Total,Dimethoate,0.002669788,0.007650932,0.01032072
RANCHO SANTA MARGARITA,Total,Dimethoate,0.002067494,0.010410105,0.012477599
ORANGE CO,Total,Dimethoate,0.00911571,0.017266538,0.026382249
LAGUNA NIGUEL,Total,Dimethoate,0.005209536,0.031098449,0.036307985
ALISO VIEJO,Total,Dimethoate,9.01E-04,0.002316651,0.003217257
LAGUNA HILLS,Total,Dimethoate,2.81E-05,0.00520456,0.005232664
LAGUNA WOODS,Total,Dimethoate,5.14E-05,7.97E-04,8.49E-04
DANA POINT,Total,Dimethoate,0.001578223,0.001261394,0.002839618
SAN JUAN CAPISTRANO,Total,Dimethoate,0.001230459,0.005439397,0.006669855
LAGUNA BEACH,Total,Dimethoate,6.89E-04,5.93E-04,0.001282375
SAN CLEMENTE,Total,Dimethoate,0.003389368,0.007200008,0.010589376
MISSION VIEJO,Total,Disulfoton,0.001866708,0.001990957,0.003857665
LAKE FOREST,Total,Disulfoton,6.02E-05,4.26E-04,4.86E-04
RANCHO SANTA MARGARITA,Total,Disulfoton,4.13E-04,0.002082021,0.00249552
ORANGE CO,Total,Disulfoton,0.001823142,0.003453308,0.00527645
LAGUNA NIGUEL,Total,Disulfoton,0.001041907,0.00621969,0.007261597
ALISO VIEJO,Total,Disulfoton,1.80E-04,4.63E-04,6.43E-04
LAGUNA HILLS,Total,Disulfoton,5.62E-06,0.001040912,0.001046533
LAGUNA WOODS,Total,Disulfoton,1.03E-05,1.59E-04,1.70E-04
DANA POINT,Total,Disulfoton,3.16E-04,2.52E-04,5.68E-04
SAN JUAN CAPISTRANO,Total,Disulfoton,2.46E-04,0.001087879,0.001333971
LAGUNA BEACH,Total,Disulfoton,1.38E-04,1.19E-04,2.56E-04
SAN CLEMENTE,Total,Disulfoton,6.78E-04,0.001440002,0.002117875
MISSION VIEJO,Total,DOC,0.0146016,0.015678787,0.030280388
LAKE FOREST,Total,DOC,0.000458686,0.002384706,0.002843392
RANCHO SANTA MARGARITA,Total,DOC,0.002988472,0.015659772,0.018648244
ORANGE CO,Total,DOC,0.017708432,0.027258108,0.04496654
LAGUNA NIGUEL,Total,DOC,0.007282695,0.034985755,0.042268451
ALISO VIEJO,Total,DOC,0.001019344,0.002226881,0.003246225
LAGUNA HILLS,Total,DOC,1.71E-05,0.003174782,0.003191925
LAGUNA WOODS,Total,DOC,3.14E-05,4.86E-04,5.18E-04
DANA POINT,Total,DOC,0.002883921,0.002011924,0.004895845
SAN JUAN CAPISTRANO,Total,DOC,0.001470673,0.006187314,0.007657987
LAGUNA BEACH,Total,DOC,7.63E-04,5.84E-04,0.001346935
SAN CLEMENTE,Total,DOC,0.007679252,0.01776602,0.025445272
MISSION VIEJO,Total,E. coli,2.62917E+14,1.18956E+14,3.81873E+14
LAKE FOREST,Total,E. coli,4.70291E+11,5.44222E+12,5.91251E+12
RANCHO SANTA MARGARITA,Total,E. coli,1.36494E+13,2.37466E+13,3.7396E+13
ORANGE CO,Total,E. coli,4.64253E+12,3.56252E+13,4.02678E+13
LAGUNA NIGUEL,Total,E. coli,3.01357E+12,1.20019E+13,1.50154E+13
ALISO VIEJO,Total,E. coli,4.10307E+12,8.13896E+12,1.2242E+13
LAGUNA HILLS,Total,E. coli,2.69231E+11,2.49295E+13,2.51987E+13
LAGUNA WOODS,Total,E. coli,4.92782E+11,3.81969E+12,4.31247E+12
DANA POINT,Total,E. coli,5.97735E+12,1.77827E+12,7.75562E+12
SAN JUAN CAPISTRANO,Total,E. coli,2.43849E+12,4.12856E+12,6.56705E+12
LAGUNA BEACH,Total,E. coli,2.74457E+11,88753014103,3.6321E+11
SAN CLEMENTE,Total,E. coli,2.7355E+13,6.446E+13,9.1815E+13
MISSION VIEJO,Total,Endosulfan I,0.004666771,0.004977393,0.009644163
LAKE FOREST,Total,Endosulfan I,1.50E-04,0.001064601,0.001214986
RANCHO SANTA MARGARITA,Total,Endosulfan I,0.001033747,0.005205052,0.0062388
ORANGE CO,Total,Endosulfan I,0.004557855,0.008633269,0.013191124
LAGUNA NIGUEL,Total,Endosulfan I,0.002604768,0.015549225,0.018153992
ALISO VIEJO,Total,Endosulfan I,4.50E-04,0.001158326,0.001608629
LAGUNA HILLS,Total,Endosulfan I,1.41E-05,0.00260228,0.002616332
LAGUNA WOODS,Total,Endosulfan I,2.57E-05,3.99E-04,4.24E-04
DANA POINT,Total,Endosulfan I,7.89E-04,6.31E-04,0.001419809
SAN JUAN CAPISTRANO,Total,Endosulfan I,6.15E-04,0.002719698,0.003334928
LAGUNA BEACH,Total,Endosulfan I,3.45E-04,2.96E-04,6.41E-04
SAN CLEMENTE,Total,Endosulfan I,0.001694684,0.003600004,0.005294688
MISSION VIEJO,Total,Endosulfan II,0.004666771,0.004977393,0.009644163
LAKE FOREST,Total,Endosulfan II,1.50E-04,0.001064601,0.001214986
RANCHO SANTA MARGARITA,Total,Endosulfan II,0.001033747,0.005205052,0.0062388
ORANGE CO,Total,Endosulfan II,0.004557855,0.008633269,0.013191124
LAGUNA NIGUEL,Total,Endosulfan II,0.002604768,0.015549225,0.018153992
ALISO VIEJO,Total,Endosulfan II,4.50E-04,0.001158326,0.001608629
LAGUNA HILLS,Total,Endosulfan II,1.41E-05,0.00260228,0.002616332
LAGUNA WOODS,Total,Endosulfan II,2.57E-05,3.99E-04,4.24E-04
DANA POINT,Total,Endosulfan II,7.89E-04,6.31E-04,0.001419809
SAN JUAN CAPISTRANO,Total,Endosulfan II,6.15E-04,0.002719698,0.003334928
LAGUNA BEACH,Total,Endosulfan II,3.45E-04,2.96E-04,6.41E-04
SAN CLEMENTE,Total,Endosulfan II,0.001694684,0.003600004,0.005294688
MISSION VIEJO,Total,Endosulfan sulfate,0.004666771,0.004977393,0.009644163
LAKE FOREST,Total,Endosulfan sulfate,1.50E-04,0.001064601,0.001214986
RANCHO SANTA MARGARITA,Total,Endosulfan sulfate,0.001033747,0.005205052,0.0062388
ORANGE CO,Total,Endosulfan sulfate,0.004557855,0.008633269,0.013191124
LAGUNA NIGUEL,Total,Endosulfan sulfate,0.002604768,0.015549225,0.018153992
ALISO VIEJO,Total,Endosulfan sulfate,4.50E-04,0.001158326,0.001608629
LAGUNA HILLS,Total,Endosulfan sulfate,1.41E-05,0.00260228,0.002616332
LAGUNA WOODS,Total,Endosulfan sulfate,2.57E-05,3.99E-04,4.24E-04
DANA POINT,Total,Endosulfan sulfate,7.89E-04,6.31E-04,0.001419809
SAN JUAN CAPISTRANO,Total,Endosulfan sulfate,6.15E-04,0.002719698,0.003334928
LAGUNA BEACH,Total,Endosulfan sulfate,3.45E-04,2.96E-04,6.41E-04
SAN CLEMENTE,Total,Endosulfan sulfate,0.001694684,0.003600004,0.005294688
MISSION VIEJO,Total,Endrin,0.004666771,0.004977393,0.009644163
LAKE FOREST,Total,Endrin,1.50E-04,0.001064601,0.001214986
RANCHO SANTA MARGARITA,Total,Endrin,0.001033747,0.005205052,0.0062388
ORANGE CO,Total,Endrin,0.004557855,0.008633269,0.013191124
LAGUNA NIGUEL,Total,Endrin,0.002604768,0.015549225,0.018153992
ALISO VIEJO,Total,Endrin,4.50E-04,0.001158326,0.001608629
LAGUNA HILLS,Total,Endrin,1.41E-05,0.00260228,0.002616332
LAGUNA WOODS,Total,Endrin,2.57E-05,3.99E-04,4.24E-04
DANA POINT,Total,Endrin,7.89E-04,6.31E-04,0.001419809
SAN JUAN CAPISTRANO,Total,Endrin,6.15E-04,0.002719698,0.003334928
LAGUNA BEACH,Total,Endrin,3.45E-04,2.96E-04,6.41E-04
SAN CLEMENTE,Total,Endrin,0.001694684,0.003600004,0.005294688
MISSION VIEJO,Total,Endrin aldehyde,0.004666771,0.004977393,0.009644163
LAKE FOREST,Total,Endrin aldehyde,1.50E-04,0.001064601,0.001214986
RANCHO SANTA MARGARITA,Total,Endrin aldehyde,0.001033747,0.005205052,0.0062388
ORANGE CO,Total,Endrin aldehyde,0.004557855,0.008633269,0.013191124
LAGUNA NIGUEL,Total,Endrin aldehyde,0.002604768,0.015549225,0.018153992
ALISO VIEJO,Total,Endrin aldehyde,4.50E-04,0.001158326,0.001608629
LAGUNA HILLS,Total,Endrin aldehyde,1.41E-05,0.00260228,0.002616332
LAGUNA WOODS,Total,Endrin aldehyde,2.57E-05,3.99E-04,4.24E-04
DANA POINT,Total,Endrin aldehyde,7.89E-04,6.31E-04,0.001419809
SAN JUAN CAPISTRANO,Total,Endrin aldehyde,6.15E-04,0.002719698,0.003334928
LAGUNA BEACH,Total,Endrin aldehyde,3.45E-04,2.96E-04,6.41E-04
SAN CLEMENTE,Total,Endrin aldehyde,0.001694684,0.003600004,0.005294688
MISSION VIEJO,Total,Enterococcus,2.48232E+14,1.0988E+14,3.58112E+14
LAKE FOREST,Total,Enterococcus,1.20761E+12,4.08851E+12,5.29612E+12
RANCHO SANTA MARGARITA,Total,Enterococcus,2.67709E+13,8.18312E+13,1.08602E+14
ORANGE CO,Total,Enterococcus,1.04482E+13,9.06694E+13,1.01118E+14
LAGUNA NIGUEL,Total,Enterococcus,3.09424E+13,6.09967E+13,9.19391E+13
ALISO VIEJO,Total,Enterococcus,9.1258E+12,1.28037E+13,2.19295E+13
LAGUNA HILLS,Total,Enterococcus,40792547301,3.77719E+12,3.81799E+12
LAGUNA WOODS,Total,Enterococcus,74663897171,5.78741E+11,6.53405E+11
DANA POINT,Total,Enterococcus,6.55918E+12,3.31051E+12,9.86969E+12
SAN JUAN CAPISTRANO,Total,Enterococcus,4.12001E+12,9.95542E+12,1.40754E+13
LAGUNA BEACH,Total,Enterococcus,2.54418E+11,1.19234E+11,3.73652E+11
SAN CLEMENTE,Total,Enterococcus,9.56132E+13,9.70335E+13,1.92647E+14
MISSION VIEJO,Total,Ethoprop,0.001866708,0.001990957,0.003857665
LAKE FOREST,Total,Ethoprop,6.02E-05,4.26E-04,4.86E-04
RANCHO SANTA MARGARITA,Total,Ethoprop,4.13E-04,0.002082021,0.00249552
ORANGE CO,Total,Ethoprop,0.001823142,0.003453308,0.00527645
LAGUNA NIGUEL,Total,Ethoprop,0.001041907,0.00621969,0.007261597
ALISO VIEJO,Total,Ethoprop,1.80E-04,4.63E-04,6.43E-04
LAGUNA HILLS,Total,Ethoprop,5.62E-06,0.001040912,0.001046533
LAGUNA WOODS,Total,Ethoprop,1.03E-05,1.59E-04,1.70E-04
DANA POINT,Total,Ethoprop,3.16E-04,2.52E-04,5.68E-04
SAN JUAN CAPISTRANO,Total,Ethoprop,2.46E-04,0.001087879,0.001333971
LAGUNA BEACH,Total,Ethoprop,1.38E-04,1.19E-04,2.56E-04
SAN CLEMENTE,Total,Ethoprop,6.78E-04,0.001440002,0.002117875
MISSION VIEJO,Total,Ethyl parathion,0.018667082,0.019909571,0.038576654
LAKE FOREST,Total,Ethyl parathion,6.02E-04,0.004258404,0.004859944
RANCHO SANTA MARGARITA,Total,Ethyl parathion,0.004134988,0.02082021,0.024955198
ORANGE CO,Total,Ethyl parathion,0.018231421,0.034533076,0.052764497
LAGUNA NIGUEL,Total,Ethyl parathion,0.010419071,0.062196898,0.072615969
ALISO VIEJO,Total,Ethyl parathion,0.001801212,0.004633302,0.006434514
LAGUNA HILLS,Total,Ethyl parathion,5.62E-05,0.01040912,0.010465328
LAGUNA WOODS,Total,Ethyl parathion,1.03E-04,0.001594883,0.001697761
DANA POINT,Total,Ethyl parathion,0.003156447,0.002522789,0.005679235
SAN JUAN CAPISTRANO,Total,Ethyl parathion,0.002460917,0.010878793,0.013339711
LAGUNA BEACH,Total,Ethyl parathion,0.001378889,0.001185861,0.00256475
SAN CLEMENTE,Total,Ethyl parathion,0.006778735,0.014400016,0.021178752
MISSION VIEJO,Total,Fecal coliforms,2.04765E+14,9.20391E+13,2.96805E+14
LAKE FOREST,Total,Fecal coliforms,5.61873E+11,1.03822E+13,1.09441E+13
RANCHO SANTA MARGARITA,Total,Fecal coliforms,4.38243E+13,5.94964E+13,1.03321E+14
ORANGE CO,Total,Fecal coliforms,8.96457E+12,8.33768E+13,9.23414E+13
LAGUNA NIGUEL,Total,Fecal coliforms,2.46953E+12,2.08641E+13,2.33336E+13
ALISO VIEJO,Total,Fecal coliforms,7.60068E+12,1.52349E+13,2.28356E+13
LAGUNA HILLS,Total,Fecal coliforms,2.43481E+11,4.50903E+13,4.53337E+13
LAGUNA WOODS,Total,Fecal coliforms,4.4565E+11,6.90872E+12,7.35437E+12
DANA POINT,Total,Fecal coliforms,7.37957E+12,3.37573E+12,1.07553E+13
SAN JUAN CAPISTRANO,Total,Fecal coliforms,3.71497E+12,6.53121E+12,1.02462E+13
LAGUNA BEACH,Total,Fecal coliforms,2.16579E+11,1.43887E+11,3.60467E+11
SAN CLEMENTE,Total,Fecal coliforms,3.27813E+13,5.69175E+13,8.96988E+13
MISSION VIEJO,Total,Fenchlorophos,0.003733416,0.003981914,0.007715331
LAKE FOREST,Total,Fenchlorophos,1.20E-04,8.52E-04,9.72E-04
RANCHO SANTA MARGARITA,Total,Fenchlorophos,8.27E-04,0.004164042,0.00499104
ORANGE CO,Total,Fenchlorophos,0.003646284,0.006906615,0.010552899
LAGUNA NIGUEL,Total,Fenchlorophos,0.002083814,0.01243938,0.014523194
ALISO VIEJO,Total,Fenchlorophos,3.60E-04,9.27E-04,0.001286903
LAGUNA HILLS,Total,Fenchlorophos,1.12E-05,0.002081824,0.002093066
LAGUNA WOODS,Total,Fenchlorophos,2.06E-05,3.19E-04,3.40E-04
DANA POINT,Total,Fenchlorophos,6.31E-04,5.05E-04,0.001135847
SAN JUAN CAPISTRANO,Total,Fenchlorophos,4.92E-04,0.002175759,0.002667942
LAGUNA BEACH,Total,Fenchlorophos,2.76E-04,2.37E-04,5.13E-04
SAN CLEMENTE,Total,Fenchlorophos,0.001355747,0.002880003,0.00423575
MISSION VIEJO,Total,Fensulfothion,0.001866708,0.001990957,0.003857665
LAKE FOREST,Total,Fensulfothion,6.02E-05,4.26E-04,4.86E-04
RANCHO SANTA MARGARITA,Total,Fensulfothion,4.13E-04,0.002082021,0.00249552
ORANGE CO,Total,Fensulfothion,0.001823142,0.003453308,0.00527645
LAGUNA NIGUEL,Total,Fensulfothion,0.001041907,0.00621969,0.007261597
ALISO VIEJO,Total,Fensulfothion,1.80E-04,4.63E-04,6.43E-04
LAGUNA HILLS,Total,Fensulfothion,5.62E-06,0.001040912,0.001046533
LAGUNA WOODS,Total,Fensulfothion,1.03E-05,1.59E-04,1.70E-04
DANA POINT,Total,Fensulfothion,3.16E-04,2.52E-04,5.68E-04
SAN JUAN CAPISTRANO,Total,Fensulfothion,2.46E-04,0.001087879,0.001333971
LAGUNA BEACH,Total,Fensulfothion,1.38E-04,1.19E-04,2.56E-04
SAN CLEMENTE,Total,Fensulfothion,6.78E-04,0.001440002,0.002117875
MISSION VIEJO,Total,Fenthion,0.003733416,0.003981914,0.007715331
LAKE FOREST,Total,Fenthion,1.20E-04,8.52E-04,9.72E-04
RANCHO SANTA MARGARITA,Total,Fenthion,8.27E-04,0.004164042,0.00499104
ORANGE CO,Total,Fenthion,0.003646284,0.006906615,0.010552899
LAGUNA NIGUEL,Total,Fenthion,0.002083814,0.01243938,0.014523194
ALISO VIEJO,Total,Fenthion,3.60E-04,9.27E-04,0.001286903
LAGUNA HILLS,Total,Fenthion,1.12E-05,0.002081824,0.002093066
LAGUNA WOODS,Total,Fenthion,2.06E-05,3.19E-04,3.40E-04
DANA POINT,Total,Fenthion,6.31E-04,5.05E-04,0.001135847
SAN JUAN CAPISTRANO,Total,Fenthion,4.92E-04,0.002175759,0.002667942
LAGUNA BEACH,Total,Fenthion,2.76E-04,2.37E-04,5.13E-04
SAN CLEMENTE,Total,Fenthion,0.001355747,0.002880003,0.00423575
MISSION VIEJO,Total,Fluoranthene,0.004666771,0.004977393,0.009644163
RANCHO SANTA MARGARITA,Total,Fluoranthene,0.009092176,0.017964867,0.027057042
ORANGE CO,Total,Fluoranthene,0.004593792,0.020535669,0.025129462
LAGUNA NIGUEL,Total,Fluoranthene,0.003003893,0.04941198,0.052415873
ALISO VIEJO,Total,Fluoranthene,6.14E-04,0.003836374,0.004450297
LAGUNA HILLS,Total,Fluoranthene,1.41E-05,0.00260228,0.002616332
LAGUNA WOODS,Total,Fluoranthene,2.57E-05,3.99E-04,4.24E-04
LAKE FOREST,Total,Fluoranthene,1.55E-05,0.001064601,0.001080076
DANA POINT,Total,Fluoranthene,7.89E-04,6.31E-04,0.001419809
SAN JUAN CAPISTRANO,Total,Fluoranthene,6.15E-04,0.002719698,0.003334928
SAN CLEMENTE,Total,Fluoranthene,0.001694684,0.003600004,0.005294688
MISSION VIEJO,Total,Fluorene,0.004666771,0.004977393,0.009644163
LAKE FOREST,Total,Fluorene,1.50E-04,0.001064601,0.001214986
RANCHO SANTA MARGARITA,Total,Fluorene,0.001033747,0.005205052,0.0062388
ORANGE CO,Total,Fluorene,0.004557855,0.008633269,0.013191124
LAGUNA NIGUEL,Total,Fluorene,0.002604768,0.015549225,0.018153992
ALISO VIEJO,Total,Fluorene,4.50E-04,0.001158326,0.001608629
LAGUNA HILLS,Total,Fluorene,1.41E-05,0.00260228,0.002616332
LAGUNA WOODS,Total,Fluorene,2.57E-05,3.99E-04,4.24E-04
DANA POINT,Total,Fluorene,7.89E-04,6.31E-04,0.001419809
SAN JUAN CAPISTRANO,Total,Fluorene,6.15E-04,0.002719698,0.003334928
LAGUNA BEACH,Total,Fluorene,3.45E-04,2.96E-04,6.41E-04
SAN CLEMENTE,Total,Fluorene,0.001694684,0.003600004,0.005294688
MISSION VIEJO,Total,gamma BHC,0.004666771,0.004977393,0.009644163
LAKE FOREST,Total,gamma BHC,1.50E-04,0.001064601,0.001214986
RANCHO SANTA MARGARITA,Total,gamma BHC,0.001033747,0.005205052,0.0062388
ORANGE CO,Total,gamma BHC,0.004557855,0.008633269,0.013191124
LAGUNA NIGUEL,Total,gamma BHC,0.002604768,0.015549225,0.018153992
ALISO VIEJO,Total,gamma BHC,4.50E-04,0.001158326,0.001608629
LAGUNA HILLS,Total,gamma BHC,1.41E-05,0.00260228,0.002616332
LAGUNA WOODS,Total,gamma BHC,2.57E-05,3.99E-04,4.24E-04
DANA POINT,Total,gamma BHC,7.89E-04,6.31E-04,0.001419809
SAN JUAN CAPISTRANO,Total,gamma BHC,6.15E-04,0.002719698,0.003334928
LAGUNA BEACH,Total,gamma BHC,3.45E-04,2.96E-04,6.41E-04
SAN CLEMENTE,Total,gamma BHC,0.001694684,0.003600004,0.005294688
MISSION VIEJO,Total,gamma Chlordane,0.001866708,0.001990957,0.003857665
LAKE FOREST,Total,gamma Chlordane,6.02E-05,4.26E-04,4.86E-04
RANCHO SANTA MARGARITA,Total,gamma Chlordane,4.13E-04,0.002082021,0.00249552
ORANGE CO,Total,gamma Chlordane,0.001823142,0.003453308,0.00527645
LAGUNA NIGUEL,Total,gamma Chlordane,0.001041907,0.00621969,0.007261597
ALISO VIEJO,Total,gamma Chlordane,1.80E-04,4.63E-04,6.43E-04
LAGUNA HILLS,Total,gamma Chlordane,5.62E-06,0.001040912,0.001046533
LAGUNA WOODS,Total,gamma Chlordane,1.03E-05,1.59E-04,1.70E-04
DANA POINT,Total,gamma Chlordane,3.16E-04,2.52E-04,5.68E-04
SAN JUAN CAPISTRANO,Total,gamma Chlordane,2.46E-04,0.001087879,0.001333971
LAGUNA BEACH,Total,gamma Chlordane,1.38E-04,1.19E-04,2.56E-04
SAN CLEMENTE,Total,gamma Chlordane,6.78E-04,0.001440002,0.002117875
MISSION VIEJO,Total,Hardness,0,0,0
LAKE FOREST,Total,Hardness,0,0,0
RANCHO SANTA MARGARITA,Total,Hardness,0,0,0
ORANGE CO,Total,Hardness,0,0,0
LAGUNA NIGUEL,Total,Hardness,0,0,0
ALISO VIEJO,Total,Hardness,0,0,0
LAGUNA HILLS,Total,Hardness,0,0,0
LAGUNA WOODS,Total,Hardness,0,0,0
DANA POINT,Total,Hardness,0,0,0
SAN JUAN CAPISTRANO,Total,Hardness,0,0,0
LAGUNA BEACH,Total,Hardness,0,0,0
SAN CLEMENTE,Total,Hardness,0,0,0
MISSION VIEJO,Total,Heptachlor,0.004666771,0.004977393,0.009644163
LAKE FOREST,Total,Heptachlor,1.50E-04,0.001064601,0.001214986
RANCHO SANTA MARGARITA,Total,Heptachlor,0.001033747,0.005205052,0.0062388
ORANGE CO,Total,Heptachlor,0.004557855,0.008633269,0.013191124
LAGUNA NIGUEL,Total,Heptachlor,0.002604768,0.015549225,0.018153992
ALISO VIEJO,Total,Heptachlor,4.50E-04,0.001158326,0.001608629
LAGUNA HILLS,Total,Heptachlor,1.41E-05,0.00260228,0.002616332
LAGUNA WOODS,Total,Heptachlor,2.57E-05,3.99E-04,4.24E-04
DANA POINT,Total,Heptachlor,7.89E-04,6.31E-04,0.001419809
SAN JUAN CAPISTRANO,Total,Heptachlor,6.15E-04,0.002719698,0.003334928
LAGUNA BEACH,Total,Heptachlor,3.45E-04,2.96E-04,6.41E-04
SAN CLEMENTE,Total,Heptachlor,0.001694684,0.003600004,0.005294688
MISSION VIEJO,Total,Heptachlor epoxide,0.004666771,0.004977393,0.009644163
LAKE FOREST,Total,Heptachlor epoxide,1.50E-04,0.001064601,0.001214986
RANCHO SANTA MARGARITA,Total,Heptachlor epoxide,0.001033747,0.005205052,0.0062388
ORANGE CO,Total,Heptachlor epoxide,0.004557855,0.008633269,0.013191124
LAGUNA NIGUEL,Total,Heptachlor epoxide,0.002604768,0.015549225,0.018153992
ALISO VIEJO,Total,Heptachlor epoxide,4.50E-04,0.001158326,0.001608629
LAGUNA HILLS,Total,Heptachlor epoxide,1.41E-05,0.00260228,0.002616332
LAGUNA WOODS,Total,Heptachlor epoxide,2.57E-05,3.99E-04,4.24E-04
DANA POINT,Total,Heptachlor epoxide,7.89E-04,6.31E-04,0.001419809
SAN JUAN CAPISTRANO,Total,Heptachlor epoxide,6.15E-04,0.002719698,0.003334928
LAGUNA BEACH,Total,Heptachlor epoxide,3.45E-04,2.96E-04,6.41E-04
SAN CLEMENTE,Total,Heptachlor epoxide,0.001694684,0.003600004,0.005294688
MISSION VIEJO,Total,Hexavalent chromium,3.746308565,1.545203952,5.291512517
MISSION VIEJO,Dissolved,Hexavalent chromium,1.322618254,1.545203952,2.867822206
LAKE FOREST,Total,Hexavalent chromium,0.029692127,0.206532583,0.23622471
LAKE FOREST,Dissolved,Hexavalent chromium,0.032001453,0.206532583,0.238534037
RANCHO SANTA MARGARITA,Total,Hexavalent chromium,0.218895346,0.887461436,1.106356782
RANCHO SANTA MARGARITA,Dissolved,Hexavalent chromium,0.107496322,0.887461436,0.994957758
ORANGE CO,Total,Hexavalent chromium,0.139079536,1.075451403,1.214530939
ORANGE CO,Dissolved,Hexavalent chromium,0.139494659,1.075451403,1.214946062
LAGUNA NIGUEL,Total,Hexavalent chromium,0.242173959,1.043427009,1.285600968
ALISO VIEJO,Total,Hexavalent chromium,0.157664305,0.280314785,0.43797909
LAGUNA NIGUEL,Dissolved,Hexavalent chromium,0.244945718,1.043427009,1.288372727
ALISO VIEJO,Dissolved,Hexavalent chromium,0.171280796,0.280314785,0.451595582
LAGUNA HILLS,Total,Hexavalent chromium,0.002950902,0.468410408,0.471361309
LAGUNA WOODS,Total,Hexavalent chromium,0.005401129,0.071769719,0.077170849
LAGUNA HILLS,Dissolved,Hexavalent chromium,0.002107787,0.468410408,0.470518195
LAGUNA WOODS,Dissolved,Hexavalent chromium,0.00385795,0.071769719,0.075627669
DANA POINT,Total,Hexavalent chromium,0.119098285,0.075143065,0.19424135
SAN JUAN CAPISTRANO,Total,Hexavalent chromium,0.044496218,0.236396175,0.280892393
DANA POINT,Dissolved,Hexavalent chromium,0.114976659,0.075143065,0.190119724
SAN JUAN CAPISTRANO,Dissolved,Hexavalent chromium,0.040272188,0.236396175,0.276668363
LAGUNA BEACH,Total,Hexavalent chromium,0.014809514,0.005810719,0.020620233
LAGUNA BEACH,Dissolved,Hexavalent chromium,0.013582262,0.005810719,0.019392981
SAN CLEMENTE,Total,Hexavalent chromium,0.346010556,0.501600572,0.847611128
SAN CLEMENTE,Dissolved,Hexavalent chromium,0.237453377,0.501600572,0.739053949
MISSION VIEJO,Total,"Indeno(1,2,3-cd)pyrene",0.004666771,0.004977393,0.009644163
LAKE FOREST,Total,"Indeno(1,2,3-cd)pyrene",1.50E-04,0.001064601,0.001214986
RANCHO SANTA MARGARITA,Total,"Indeno(1,2,3-cd)pyrene",0.001033747,0.005205052,0.0062388
ORANGE CO,Total,"Indeno(1,2,3-cd)pyrene",0.004557855,0.008633269,0.013191124
LAGUNA NIGUEL,Total,"Indeno(1,2,3-cd)pyrene",0.002789519,0.032423243,0.035212762
ALISO VIEJO,Total,"Indeno(1,2,3-cd)pyrene",4.53E-04,0.00241534,0.002868721
LAGUNA HILLS,Total,"Indeno(1,2,3-cd)pyrene",1.41E-05,0.00260228,0.002616332
LAGUNA WOODS,Total,"Indeno(1,2,3-cd)pyrene",2.57E-05,3.99E-04,4.24E-04
DANA POINT,Total,"Indeno(1,2,3-cd)pyrene",7.89E-04,6.31E-04,0.001419809
SAN JUAN CAPISTRANO,Total,"Indeno(1,2,3-cd)pyrene",6.15E-04,0.002719698,0.003334928
LAGUNA BEACH,Total,"Indeno(1,2,3-cd)pyrene",3.45E-04,2.96E-04,6.41E-04
SAN CLEMENTE,Total,"Indeno(1,2,3-cd)pyrene",0.001694684,0.003600004,0.005294688
MISSION VIEJO,Total,Iron,348.8848985,182.3147888,531.1996873
MISSION VIEJO,Dissolved,Iron,66.98550356,182.3147888,249.3002923
LAKE FOREST,Total,Iron,25.15513989,52.69774675,77.85288664
LAKE FOREST,Dissolved,Iron,0.601540297,52.69774675,53.29928705
RANCHO SANTA MARGARITA,Total,Iron,99.97805275,569.9185384,669.8965912
RANCHO SANTA MARGARITA,Dissolved,Iron,26.57060087,569.9185384,596.4891393
ORANGE CO,Total,Iron,238.3592399,616.3167435,854.6759834
ORANGE CO,Dissolved,Iron,56.36626384,616.3167435,672.6830074
LAGUNA NIGUEL,Total,Iron,121.1053715,577.0489987,698.1543702
ALISO VIEJO,Total,Iron,38.43055493,67.64621267,106.0767676
LAGUNA NIGUEL,Dissolved,Iron,25.34975764,577.0489987,602.3987563
ALISO VIEJO,Dissolved,Iron,3.404404312,67.64621267,71.05061699
LAGUNA HILLS,Total,Iron,0.056207654,10.40912017,10.46532782
LAGUNA WOODS,Total,Iron,0.102878657,1.594882647,1.697761304
LAGUNA HILLS,Dissolved,Iron,0.056207654,10.40912017,10.46532782
LAGUNA WOODS,Dissolved,Iron,0.102878657,1.594882647,1.697761304
DANA POINT,Total,Iron,106.1848828,22.35371037,128.5385932
SAN JUAN CAPISTRANO,Total,Iron,79.31286277,92.74171165,172.0545744
DANA POINT,Dissolved,Iron,8.409418255,22.35371037,30.76312862
SAN JUAN CAPISTRANO,Dissolved,Iron,8.112632953,92.74171165,100.8543446
LAGUNA BEACH,Total,Iron,14.02184296,4.550741524,18.57258448
LAGUNA BEACH,Dissolved,Iron,3.606145057,4.550741524,8.15688658
SAN CLEMENTE,Total,Iron,239.0405952,218.7493404,457.7899356
SAN CLEMENTE,Dissolved,Iron,29.46494753,218.7493404,248.2142879
MISSION VIEJO,Total,Lead,0.304094357,0.22053679,0.524631147
MISSION VIEJO,Dissolved,Lead,0.186670823,0.22053679,0.407207613
LAKE FOREST,Total,Lead,0.023553688,0.077183568,0.100737257
LAKE FOREST,Dissolved,Lead,0.006015403,0.077183568,0.083198971
RANCHO SANTA MARGARITA,Total,Lead,0.043182372,0.227634292,0.270816664
RANCHO SANTA MARGARITA,Dissolved,Lead,0.041349884,0.227634292,0.268984176
ORANGE CO,Total,Lead,0.182706501,0.533231323,0.715937824
ORANGE CO,Dissolved,Lead,0.327486809,0.533231323,0.860718132
LAGUNA NIGUEL,Total,Lead,0.438477091,1.288857943,1.727335034
ALISO VIEJO,Total,Lead,0.04836576,0.101932649,0.150298409
LAGUNA NIGUEL,Dissolved,Lead,0.104190713,1.288857943,1.393048657
ALISO VIEJO,Dissolved,Lead,0.018012121,0.101932649,0.11994477
LAGUNA HILLS,Total,Lead,5.62E-04,0.104091202,0.104653278
LAGUNA WOODS,Total,Lead,0.001028787,0.015948826,0.016977613
LAGUNA HILLS,Dissolved,Lead,5.62E-04,0.104091202,0.104653278
LAGUNA WOODS,Dissolved,Lead,0.001028787,0.015948826,0.016977613
DANA POINT,Total,Lead,0.15510007,0.046851791,0.201951862
SAN JUAN CAPISTRANO,Total,Lead,0.024609174,0.108787932,0.133397105
DANA POINT,Dissolved,Lead,0.031564466,0.046851791,0.078416257
SAN JUAN CAPISTRANO,Dissolved,Lead,0.024609174,0.108787932,0.133397105
LAGUNA BEACH,Total,Lead,0.013788889,0.01185861,0.025647499
LAGUNA BEACH,Dissolved,Lead,0.013788889,0.01185861,0.025647499
SAN CLEMENTE,Total,Lead,0.198245181,0.273600312,0.471845493
SAN CLEMENTE,Dissolved,Lead,0.067787353,0.273600312,0.341387665
MISSION VIEJO,Total,Magnesium,222765.8137,208055.0203,430820.834
LAKE FOREST,Total,Magnesium,2745.162766,28201.27902,30946.44178
RANCHO SANTA MARGARITA,Total,Magnesium,16236.27434,100442.6399,116678.9143
ORANGE CO,Total,Magnesium,190302.4693,378873.8896,569176.3588
LAGUNA NIGUEL,Total,Magnesium,176805.6855,880863.5688,1057669.254
ALISO VIEJO,Total,Magnesium,11116.46057,35369.47096,46485.93153
LAGUNA HILLS,Total,Magnesium,517.953529,95920.04236,96437.99589
LAGUNA WOODS,Total,Magnesium,948.0268232,14696.84359,15644.87042
DANA POINT,Total,Magnesium,53281.7345,36307.13484,89588.86934
SAN JUAN CAPISTRANO,Total,Magnesium,24951.72446,131619.7987,156571.5232
LAGUNA BEACH,Total,Magnesium,68662.06857,49361.46343,118023.532
SAN CLEMENTE,Total,Magnesium,99896.00629,273906.3124,373802.3187
MISSION VIEJO,Total,Malathion,0.034975445,0.017975499,0.052950944
LAKE FOREST,Total,Malathion,1.50E-04,0.001064601,0.001214986
RANCHO SANTA MARGARITA,Total,Malathion,0.002477465,0.017098597,0.019576062
ORANGE CO,Total,Malathion,0.004557855,0.008633269,0.013191124
LAGUNA NIGUEL,Total,Malathion,0.002604768,0.015549225,0.018153992
ALISO VIEJO,Total,Malathion,4.50E-04,0.001158326,0.001608629
LAGUNA HILLS,Total,Malathion,1.41E-05,0.00260228,0.002616332
LAGUNA WOODS,Total,Malathion,2.57E-05,3.99E-04,4.24E-04
DANA POINT,Total,Malathion,7.89E-04,6.31E-04,0.001419809
SAN JUAN CAPISTRANO,Total,Malathion,6.15E-04,0.002719698,0.003334928
LAGUNA BEACH,Total,Malathion,3.45E-04,2.96E-04,6.41E-04
SAN CLEMENTE,Total,Malathion,0.001694684,0.003600004,0.005294688
MISSION VIEJO,Total,Manganese,783.5102278,570.989914,1354.500142
MISSION VIEJO,Dissolved,Manganese,749.4742131,570.989914,1320.464127
LAKE FOREST,Total,Manganese,8.558083184,99.27403807,107.8321213
LAKE FOREST,Dissolved,Manganese,5.694025166,99.27403807,104.9680632
RANCHO SANTA MARGARITA,Total,Manganese,20.88403845,336.514074,357.3981125
RANCHO SANTA MARGARITA,Dissolved,Manganese,16.60509597,336.514074,353.11917
ORANGE CO,Total,Manganese,215.4879142,1050.599776,1266.08769
ORANGE CO,Dissolved,Manganese,173.5026821,1050.599776,1224.102458
LAGUNA NIGUEL,Total,Manganese,345.1836636,1646.021471,1991.205134
ALISO VIEJO,Total,Manganese,6.358034673,61.01479885,67.37283352
LAGUNA NIGUEL,Dissolved,Manganese,319.8253065,1646.021471,1965.846777
ALISO VIEJO,Dissolved,Manganese,5.021879656,61.01479885,66.0366785
LAGUNA HILLS,Total,Manganese,2.135890841,392.9442864,395.0801772
LAGUNA WOODS,Total,Manganese,3.909388961,60.20681993,64.11620889
LAGUNA HILLS,Dissolved,Manganese,2.107787014,392.9442864,395.0520734
LAGUNA WOODS,Dissolved,Manganese,3.857949633,60.20681993,64.06476957
DANA POINT,Total,Manganese,214.7473988,73.26809243,288.0154913
SAN JUAN CAPISTRANO,Total,Manganese,19.61625044,37.0422907,56.65854114
DANA POINT,Dissolved,Manganese,207.449553,73.26809243,280.7176454
SAN JUAN CAPISTRANO,Dissolved,Manganese,17.11279872,37.0422907,54.15508941
LAGUNA BEACH,Total,Manganese,13.58872328,11.32497239,24.91369567
LAGUNA BEACH,Dissolved,Manganese,12.375631,11.32497239,23.70060339
SAN CLEMENTE,Total,Manganese,492.3517414,1648.981881,2141.333622
SAN CLEMENTE,Dissolved,Manganese,486.4448082,1648.981881,2135.426689
MISSION VIEJO,Total,MBAS,225.7253161,197.2469673,422.9722834
LAKE FOREST,Total,MBAS,7.527987297,41.16456985,48.69255715
RANCHO SANTA MARGARITA,Total,MBAS,33.51203678,170.2795717,203.7916084
ORANGE CO,Total,MBAS,179.2716266,257.9189126,437.1905391
LAGUNA NIGUEL,Total,MBAS,82.67833946,396.332456,479.0107955
ALISO VIEJO,Total,MBAS,11.73897823,29.34424751,41.08322574
LAGUNA HILLS,Total,MBAS,0.955530113,176.9550429,177.910573
LAGUNA WOODS,Total,MBAS,1.748937167,27.113005,28.86194217
DANA POINT,Total,MBAS,44.31799365,27.94889543,72.26688907
SAN JUAN CAPISTRANO,Total,MBAS,19.91626944,64.09422301,84.01049245
LAGUNA BEACH,Total,MBAS,14.28586644,10.79133495,25.07720139
SAN CLEMENTE,Total,MBAS,57.1118779,140.0401597,197.1520376
MISSION VIEJO,Total,Mercury,0.046667706,0.049773928,0.096441634
MISSION VIEJO,Dissolved,Mercury,0.046667706,0.049773928,0.096441634
LAKE FOREST,Total,Mercury,0.001503851,0.010646009,0.01214986
LAKE FOREST,Dissolved,Mercury,0.001503851,0.010646009,0.01214986
RANCHO SANTA MARGARITA,Total,Mercury,0.010337471,0.052050524,0.062387995
RANCHO SANTA MARGARITA,Dissolved,Mercury,0.010337471,0.052050524,0.062387995
ORANGE CO,Total,Mercury,0.045821446,0.098196473,0.144017919
ORANGE CO,Dissolved,Mercury,0.045578552,0.098196473,0.143775025
LAGUNA NIGUEL,Total,Mercury,0.026047678,0.155492245,0.181539924
ALISO VIEJO,Total,Mercury,0.005635177,0.013943344,0.019578521
LAGUNA NIGUEL,Dissolved,Mercury,0.026047678,0.155492245,0.181539924
ALISO VIEJO,Dissolved,Mercury,0.00450303,0.013943344,0.018446374
LAGUNA HILLS,Total,Mercury,1.41E-04,0.0260228,0.02616332
LAGUNA WOODS,Total,Mercury,2.57E-04,0.003987207,0.004244403
LAGUNA HILLS,Dissolved,Mercury,1.41E-04,0.0260228,0.02616332
LAGUNA WOODS,Dissolved,Mercury,2.57E-04,0.003987207,0.004244403
DANA POINT,Total,Mercury,0.007891116,0.006306972,0.014198088
SAN JUAN CAPISTRANO,Total,Mercury,0.006152293,0.027196983,0.033349276
DANA POINT,Dissolved,Mercury,0.007891116,0.006306972,0.014198088
SAN JUAN CAPISTRANO,Dissolved,Mercury,0.006152293,0.027196983,0.033349276
LAGUNA BEACH,Total,Mercury,0.009997976,0.003557583,0.013555559
LAGUNA BEACH,Dissolved,Mercury,0.003447222,0.003557583,0.007004805
SAN CLEMENTE,Total,Mercury,0.016946838,0.036000041,0.052946879
SAN CLEMENTE,Dissolved,Mercury,0.016946838,0.036000041,0.052946879
MISSION VIEJO,Total,Merphos,0.040786415,0.0293998,0.070186216
LAKE FOREST,Total,Merphos,2.32E-04,0.004230014,0.004462253
RANCHO SANTA MARGARITA,Total,Merphos,0.010884702,0.025438511,0.036323213
ORANGE CO,Total,Merphos,0.019748057,0.022377433,0.04212549
LAGUNA NIGUEL,Total,Merphos,0.022106779,0.058572515,0.080679294
ALISO VIEJO,Total,Merphos,6.77E-04,0.002316651,0.002993749
LAGUNA HILLS,Total,Merphos,1.62E-04,0.014989133,0.015151011
LAGUNA WOODS,Total,Merphos,2.96E-04,0.002296631,0.002592922
DANA POINT,Total,Merphos,0.003793307,0.0016868,0.005480107
SAN JUAN CAPISTRANO,Total,Merphos,4.90E-04,0.006361374,0.006851333
LAGUNA BEACH,Total,Merphos,1.38E-04,1.19E-04,2.56E-04
SAN CLEMENTE,Total,Merphos,0.010283543,0.012953843,0.023237386
MISSION VIEJO,Total,Methoxychlor,0.004666771,0.004977393,0.009644163
LAKE FOREST,Total,Methoxychlor,1.50E-04,0.001064601,0.001214986
RANCHO SANTA MARGARITA,Total,Methoxychlor,0.001033747,0.005205052,0.0062388
ORANGE CO,Total,Methoxychlor,0.004557855,0.008633269,0.013191124
LAGUNA NIGUEL,Total,Methoxychlor,0.002604768,0.015549225,0.018153992
ALISO VIEJO,Total,Methoxychlor,4.50E-04,0.001158326,0.001608629
LAGUNA HILLS,Total,Methoxychlor,1.41E-05,0.00260228,0.002616332
LAGUNA WOODS,Total,Methoxychlor,2.57E-05,3.99E-04,4.24E-04
DANA POINT,Total,Methoxychlor,7.89E-04,6.31E-04,0.001419809
SAN JUAN CAPISTRANO,Total,Methoxychlor,6.15E-04,0.002719698,0.003334928
LAGUNA BEACH,Total,Methoxychlor,3.45E-04,2.96E-04,6.41E-04
SAN CLEMENTE,Total,Methoxychlor,0.001694684,0.003600004,0.005294688
MISSION VIEJO,Total,Methyl parathion,0.001866708,0.001990957,0.003857665
LAKE FOREST,Total,Methyl parathion,6.02E-05,4.26E-04,4.86E-04
RANCHO SANTA MARGARITA,Total,Methyl parathion,4.13E-04,0.002082021,0.00249552
ORANGE CO,Total,Methyl parathion,0.001823142,0.003453308,0.00527645
LAGUNA NIGUEL,Total,Methyl parathion,0.001041907,0.00621969,0.007261597
ALISO VIEJO,Total,Methyl parathion,1.80E-04,4.63E-04,6.43E-04
LAGUNA HILLS,Total,Methyl parathion,5.62E-06,0.001040912,0.001046533
LAGUNA WOODS,Total,Methyl parathion,1.03E-05,1.59E-04,1.70E-04
DANA POINT,Total,Methyl parathion,3.16E-04,2.52E-04,5.68E-04
SAN JUAN CAPISTRANO,Total,Methyl parathion,2.46E-04,0.001087879,0.001333971
LAGUNA BEACH,Total,Methyl parathion,1.38E-04,1.19E-04,2.56E-04
SAN CLEMENTE,Total,Methyl parathion,6.78E-04,0.001440002,0.002117875
MISSION VIEJO,Total,Mevinphos,0.009333541,0.009954786,0.019288327
LAKE FOREST,Total,Mevinphos,3.01E-04,0.002129202,0.002429972
RANCHO SANTA MARGARITA,Total,Mevinphos,0.002067494,0.010410105,0.012477599
ORANGE CO,Total,Mevinphos,0.00911571,0.017266538,0.026382249
LAGUNA NIGUEL,Total,Mevinphos,0.005209536,0.031098449,0.036307985
ALISO VIEJO,Total,Mevinphos,9.01E-04,0.002316651,0.003217257
LAGUNA HILLS,Total,Mevinphos,2.81E-05,0.00520456,0.005232664
LAGUNA WOODS,Total,Mevinphos,5.14E-05,7.97E-04,8.49E-04
DANA POINT,Total,Mevinphos,0.001578223,0.001261394,0.002839618
SAN JUAN CAPISTRANO,Total,Mevinphos,0.001230459,0.005439397,0.006669855
LAGUNA BEACH,Total,Mevinphos,6.89E-04,5.93E-04,0.001282375
SAN CLEMENTE,Total,Mevinphos,0.003389368,0.007200008,0.010589376
MISSION VIEJO,Total,Mirex,0.004666771,0.004977393,0.009644163
LAKE FOREST,Total,Mirex,1.50E-04,0.001064601,0.001214986
RANCHO SANTA MARGARITA,Total,Mirex,0.001033747,0.005205052,0.0062388
ORANGE CO,Total,Mirex,0.004557855,0.008633269,0.013191124
LAGUNA NIGUEL,Total,Mirex,0.002604768,0.015549225,0.018153992
ALISO VIEJO,Total,Mirex,4.50E-04,0.001158326,0.001608629
LAGUNA HILLS,Total,Mirex,1.41E-05,0.00260228,0.002616332
LAGUNA WOODS,Total,Mirex,2.57E-05,3.99E-04,4.24E-04
DANA POINT,Total,Mirex,7.89E-04,6.31E-04,0.001419809
SAN JUAN CAPISTRANO,Total,Mirex,6.15E-04,0.002719698,0.003334928
LAGUNA BEACH,Total,Mirex,3.45E-04,2.96E-04,6.41E-04
SAN CLEMENTE,Total,Mirex,0.001694684,0.003600004,0.005294688
MISSION VIEJO,Total,Naphthalene,0.003159419,0.004977393,0.008136812
RANCHO SANTA MARGARITA,Total,Naphthalene,1.77E-04,0.005205052,0.00538194
ORANGE CO,Total,Naphthalene,0.01153319,0.011154184,0.022687374
LAGUNA NIGUEL,Total,Naphthalene,0.002508834,0.015549225,0.018058059
ALISO VIEJO,Total,Naphthalene,6.89E-04,0.001550998,0.002239909
LAGUNA HILLS,Total,Naphthalene,1.41E-05,0.00260228,0.002616332
LAGUNA WOODS,Total,Naphthalene,2.57E-05,3.99E-04,4.24E-04
LAKE FOREST,Total,Naphthalene,1.55E-05,0.001064601,0.001080076
SAN JUAN CAPISTRANO,Total,Naphthalene,0.001809345,0.012363748,0.014173093
DANA POINT,Total,Naphthalene,2.57E-04,6.31E-04,8.88E-04
LAGUNA BEACH,Total,Naphthalene,3.28E-04,2.96E-04,6.24E-04
MISSION VIEJO,Total,Nickel,86.9914515,55.09973862,142.0911901
MISSION VIEJO,Dissolved,Nickel,86.74018087,55.09973862,141.8399195
LAKE FOREST,Total,Nickel,0.270605798,1.751268554,2.021874352
LAKE FOREST,Dissolved,Nickel,0.230132832,1.751268554,1.981401385
RANCHO SANTA MARGARITA,Total,Nickel,2.927525156,27.34883251,30.27635767
RANCHO SANTA MARGARITA,Dissolved,Nickel,2.912548832,27.34883251,30.26138135
ORANGE CO,Total,Nickel,35.0958119,140.0258683,175.1216802
ORANGE CO,Dissolved,Nickel,33.83860979,140.0258683,173.8644781
LAGUNA NIGUEL,Total,Nickel,30.17949242,134.3064268,164.4859192
ALISO VIEJO,Total,Nickel,1.46605878,4.144080031,5.610138811
LAGUNA NIGUEL,Dissolved,Nickel,29.76821207,134.3064268,164.0746388
ALISO VIEJO,Dissolved,Nickel,1.384173241,4.144080031,5.528253272
LAGUNA HILLS,Total,Nickel,0.0227641,4.215693669,4.238457768
LAGUNA WOODS,Total,Nickel,0.041665856,0.645927472,0.687593328
LAGUNA HILLS,Dissolved,Nickel,0.0227641,4.215693669,4.238457768
LAGUNA WOODS,Dissolved,Nickel,0.041665856,0.645927472,0.687593328
DANA POINT,Total,Nickel,19.75489041,6.917697,26.67258741
SAN JUAN CAPISTRANO,Total,Nickel,2.698283097,5.297972267,7.996255364
DANA POINT,Dissolved,Nickel,18.41869615,6.917697,25.33639315
SAN JUAN CAPISTRANO,Dissolved,Nickel,2.85119787,5.297972267,8.149170137
LAGUNA BEACH,Total,Nickel,0.61192835,0.422462975,1.034391326
LAGUNA BEACH,Dissolved,Nickel,0.677779575,0.422462975,1.100242551
SAN CLEMENTE,Total,Nickel,65.28415176,232.9922657,298.2764175
SAN CLEMENTE,Dissolved,Nickel,64.47572346,232.9922657,297.4679892
MISSION VIEJO,Total,Nitrate+Nitrite Nitrogen,4180.090124,4567.587486,8747.67761
LAKE FOREST,Total,Nitrate+Nitrite Nitrogen,368.8517569,1841.759634,2210.611391
RANCHO SANTA MARGARITA,Total,Nitrate+Nitrite Nitrogen,445.3712441,2926.726612,3372.097856
ORANGE CO,Total,Nitrate+Nitrite Nitrogen,5196.416409,10834.17709,16030.5935
LAGUNA NIGUEL,Total,Nitrate+Nitrite Nitrogen,2358.548732,10981.20789,13339.75662
ALISO VIEJO,Total,Nitrate+Nitrite Nitrogen,1192.048674,2427.850373,3619.899046
LAGUNA HILLS,Total,Nitrate+Nitrite Nitrogen,11.52256901,2133.869635,2145.392204
LAGUNA WOODS,Total,Nitrate+Nitrite Nitrogen,21.09012466,326.9509427,348.0410673
DANA POINT,Total,Nitrate+Nitrite Nitrogen,724.2636547,438.7850443,1163.048699
SAN JUAN CAPISTRANO,Total,Nitrate+Nitrite Nitrogen,1104.046929,2887.231704,3991.278632
LAGUNA BEACH,Total,Nitrate+Nitrite Nitrogen,78.2550385,59.29304917,137.5480877
SAN CLEMENTE,Total,Nitrate+Nitrite Nitrogen,2644.228276,6638.407571,9282.635847
MISSION VIEJO,Total,Orthophosphate as P,499.8836899,444.6470927,944.5307826
LAKE FOREST,Total,Orthophosphate as P,22.65811956,97.41098641,120.069106
RANCHO SANTA MARGARITA,Total,Orthophosphate as P,113.157824,504.1465048,617.3043287
ORANGE CO,Total,Orthophosphate as P,306.4897966,799.7644607,1106.254257
LAGUNA NIGUEL,Total,Orthophosphate as P,167.0166474,831.1060504,998.1226978
ALISO VIEJO,Total,Orthophosphate as P,44.42524211,94.49040752,138.9156496
LAGUNA HILLS,Total,Orthophosphate as P,0.238882528,44.23876072,44.47764325
LAGUNA WOODS,Total,Orthophosphate as P,0.437234292,6.778251251,7.215485542
LAGUNA BEACH,Total,Orthophosphate as P,7.479338061,9.368301769,16.84763983
SAN JUAN CAPISTRANO,Total,Orthophosphate as P,30.32512327,128.6417291,158.9668523
DANA POINT,Total,Orthophosphate as P,58.33413274,54.02972585,112.3638586
SAN CLEMENTE,Total,Orthophosphate as P,240.9244351,556.2006343,797.1250695
MISSION VIEJO,Total,Phenanthrene,0.004510291,0.004977393,0.009487684
LAKE FOREST,Total,Phenanthrene,1.50E-04,0.001064601,0.001214986
RANCHO SANTA MARGARITA,Total,Phenanthrene,3.62E-04,0.005205052,0.005566883
ORANGE CO,Total,Phenanthrene,0.004553882,0.008633269,0.013187151
LAGUNA NIGUEL,Total,Phenanthrene,0.002751374,0.030831891,0.033583265
ALISO VIEJO,Total,Phenanthrene,4.54E-04,0.001798236,0.002251829
LAGUNA HILLS,Total,Phenanthrene,1.41E-05,0.00260228,0.002616332
LAGUNA WOODS,Total,Phenanthrene,2.57E-05,3.99E-04,4.24E-04
DANA POINT,Total,Phenanthrene,8.47E-04,8.31E-04,0.001677799
SAN JUAN CAPISTRANO,Total,Phenanthrene,9.48E-05,0.00531429,0.005409043
SAN CLEMENTE,Total,Phenanthrene,0.001694684,0.003600004,0.005294688
LAGUNA BEACH,Total,Phenanthrene,3.45E-04,2.96E-04,6.41E-04
MISSION VIEJO,Total,Phorate,0.009333541,0.009954786,0.019288327
LAKE FOREST,Total,Phorate,3.01E-04,0.002129202,0.002429972
RANCHO SANTA MARGARITA,Total,Phorate,0.002067494,0.010410105,0.012477599
ORANGE CO,Total,Phorate,0.00911571,0.017266538,0.026382249
LAGUNA NIGUEL,Total,Phorate,0.005209536,0.031098449,0.036307985
ALISO VIEJO,Total,Phorate,9.01E-04,0.002316651,0.003217257
LAGUNA HILLS,Total,Phorate,2.81E-05,0.00520456,0.005232664
LAGUNA WOODS,Total,Phorate,5.14E-05,7.97E-04,8.49E-04
DANA POINT,Total,Phorate,0.001578223,0.001261394,0.002839618
SAN JUAN CAPISTRANO,Total,Phorate,0.001230459,0.005439397,0.006669855
LAGUNA BEACH,Total,Phorate,6.89E-04,5.93E-04,0.001282375
SAN CLEMENTE,Total,Phorate,0.003389368,0.007200008,0.010589376
MISSION VIEJO,Total,Phosphorus as PO4,1891.561058,1685.677038,3577.238096
LAKE FOREST,Total,Phosphorus as PO4,87.58034316,383.25634,470.8366831
RANCHO SANTA MARGARITA,Total,Phosphorus as PO4,419.2248587,2110.276962,2529.501821
ORANGE CO,Total,Phosphorus as PO4,1774.888966,3395.752489,5170.641455
LAGUNA NIGUEL,Total,Phosphorus as PO4,739.4116667,3685.16621,4424.577877
ALISO VIEJO,Total,Phosphorus as PO4,167.9457064,361.3975746,529.3432809
LAGUNA HILLS,Total,Phosphorus as PO4,1.124153074,208.1824034,209.3065565
LAGUNA WOODS,Total,Phosphorus as PO4,2.057573138,31.89765294,33.95522608
DANA POINT,Total,Phosphorus as PO4,210.8104288,164.1915015,375.0019303
SAN JUAN CAPISTRANO,Total,Phosphorus as PO4,193.9582365,678.5647231,872.5229596
LAGUNA BEACH,Total,Phosphorus as PO4,34.22545205,43.58039114,77.80584319
SAN CLEMENTE,Total,Phosphorus as PO4,854.5433066,1900.802168,2755.345474
MISSION VIEJO,Total,Pyrene,0.00300294,0.004977393,0.007980333
RANCHO SANTA MARGARITA,Total,Pyrene,0.009681122,0.043272724,0.052953846
ORANGE CO,Total,Pyrene,0.004597126,0.039038314,0.04363544
LAGUNA NIGUEL,Total,Pyrene,0.002588801,0.080182168,0.082770968
ALISO VIEJO,Total,Pyrene,9.14E-04,0.005249995,0.006164483
LAGUNA HILLS,Total,Pyrene,1.41E-05,0.00260228,0.002616332
LAGUNA WOODS,Total,Pyrene,2.57E-05,3.99E-04,4.24E-04
LAKE FOREST,Total,Pyrene,1.55E-05,0.001064601,0.001080076
DANA POINT,Total,Pyrene,3.50E-04,6.31E-04,9.80E-04
SAN CLEMENTE,Total,Pyrene,9.37E-04,0.003600004,0.004536617
SAN JUAN CAPISTRANO,Total,Pyrene,4.29E-04,0.002719698,0.003149149
MISSION VIEJO,Total,Selenium,64.7895753,46.42829074,111.217866
MISSION VIEJO,Dissolved,Selenium,64.11246233,46.42829074,110.5407531
LAKE FOREST,Total,Selenium,0.217562697,2.193077945,2.410640643
LAKE FOREST,Dissolved,Selenium,0.206150899,2.193077945,2.399228844
RANCHO SANTA MARGARITA,Total,Selenium,1.627378715,13.3554209,14.98279962
RANCHO SANTA MARGARITA,Dissolved,Selenium,1.579186741,13.3554209,14.93460764
ORANGE CO,Total,Selenium,31.30961615,49.36963678,80.67925293
ORANGE CO,Dissolved,Selenium,29.88153229,49.36963678,79.25116907
LAGUNA NIGUEL,Total,Selenium,9.574159248,42.39755218,51.97171143
ALISO VIEJO,Total,Selenium,2.508687147,6.46474365,8.973430798
LAGUNA NIGUEL,Dissolved,Selenium,9.18915787,42.39755218,51.58671005
ALISO VIEJO,Dissolved,Selenium,2.515222965,6.46474365,8.979966615
LAGUNA HILLS,Total,Selenium,0.040750549,7.494566522,7.535317071
LAGUNA WOODS,Total,Selenium,0.074587026,1.148315506,1.222902532
LAGUNA HILLS,Dissolved,Selenium,0.040188472,7.494566522,7.534754994
LAGUNA WOODS,Dissolved,Selenium,0.07355824,1.148315506,1.221873746
DANA POINT,Total,Selenium,2.858583939,2.112835583,4.971419522
SAN JUAN CAPISTRANO,Total,Selenium,2.434532952,12.34743023,14.78196318
DANA POINT,Dissolved,Selenium,2.858794237,2.112835583,4.97162982
SAN JUAN CAPISTRANO,Dissolved,Selenium,2.600157398,12.34743023,14.94758763
LAGUNA BEACH,Total,Selenium,2.646078192,1.424515506,4.070593699
LAGUNA BEACH,Dissolved,Selenium,2.711929417,1.424515506,4.136444924
SAN CLEMENTE,Total,Selenium,6.178256939,21.4830245,27.66128144
SAN CLEMENTE,Dissolved,Selenium,6.034692813,21.4830245,27.51771731
MISSION VIEJO,Total,Silver,0.186670823,0.199095713,0.385766536
MISSION VIEJO,Dissolved,Silver,0.186670823,0.199095713,0.385766536
LAKE FOREST,Total,Silver,0.006015403,0.042584038,0.048599441
LAKE FOREST,Dissolved,Silver,0.006015403,0.042584038,0.048599441
RANCHO SANTA MARGARITA,Total,Silver,0.041349884,0.208202096,0.24955198
RANCHO SANTA MARGARITA,Dissolved,Silver,0.041349884,0.208202096,0.24955198
ORANGE CO,Total,Silver,0.182314209,0.345330762,0.527644971
ORANGE CO,Dissolved,Silver,0.182314209,0.345330762,0.527644971
LAGUNA NIGUEL,Total,Silver,0.104190713,0.621968981,0.726159694
ALISO VIEJO,Total,Silver,0.018012121,0.046333022,0.064345143
LAGUNA NIGUEL,Dissolved,Silver,0.104190713,0.621968981,0.726159694
ALISO VIEJO,Dissolved,Silver,0.018012121,0.046333022,0.064345143
LAGUNA HILLS,Total,Silver,5.62E-04,0.104091202,0.104653278
LAGUNA WOODS,Total,Silver,0.001028787,0.015948826,0.016977613
LAGUNA HILLS,Dissolved,Silver,5.62E-04,0.104091202,0.104653278
LAGUNA WOODS,Dissolved,Silver,0.001028787,0.015948826,0.016977613
DANA POINT,Total,Silver,0.031564466,0.025227888,0.056792353
SAN JUAN CAPISTRANO,Total,Silver,0.024609174,0.108787932,0.133397105
DANA POINT,Dissolved,Silver,0.031564466,0.025227888,0.056792353
SAN JUAN CAPISTRANO,Dissolved,Silver,0.024609174,0.108787932,0.133397105
LAGUNA BEACH,Total,Silver,0.013788889,0.01185861,0.025647499
LAGUNA BEACH,Dissolved,Silver,0.013788889,0.01185861,0.025647499
SAN CLEMENTE,Total,Silver,0.067787353,0.144000164,0.211787518
SAN CLEMENTE,Dissolved,Silver,0.067787353,0.144000164,0.211787518
MISSION VIEJO,Total,Specific Conductivity,0,0,0
LAKE FOREST,Total,Specific Conductivity,0,0,0
RANCHO SANTA MARGARITA,Total,Specific Conductivity,0,0,0
ORANGE CO,Total,Specific Conductivity,0,0,0
LAGUNA NIGUEL,Total,Specific Conductivity,0,0,0
ALISO VIEJO,Total,Specific Conductivity,0,0,0
LAGUNA HILLS,Total,Specific Conductivity,0,0,0
LAGUNA WOODS,Total,Specific Conductivity,0,0,0
DANA POINT,Total,Specific Conductivity,0,0,0
SAN JUAN CAPISTRANO,Total,Specific Conductivity,0,0,0
LAGUNA BEACH,Total,Specific Conductivity,0,0,0
SAN CLEMENTE,Total,Specific Conductivity,0,0,0
MISSION VIEJO,Total,Sulfate as SO4,2181137.802,2004230.179,4185367.981
LAKE FOREST,Total,Sulfate as SO4,26090.8533,256568.8276,282659.6809
RANCHO SANTA MARGARITA,Total,Sulfate as SO4,146651.7391,923525.0131,1070176.752
ORANGE CO,Total,Sulfate as SO4,1619851.042,2779912.631,4399763.673
LAGUNA NIGUEL,Total,Sulfate as SO4,1298344.692,6845546.093,8143890.785
ALISO VIEJO,Total,Sulfate as SO4,87268.57457,311010.4127,398278.9873
LAGUNA HILLS,Total,Sulfate as SO4,4580.923778,848343.2938,852924.2176
LAGUNA WOODS,Total,Sulfate as SO4,8384.610536,129982.9357,138367.5463
DANA POINT,Total,Sulfate as SO4,335208.7858,229153.312,564362.0977
SAN JUAN CAPISTRANO,Total,Sulfate as SO4,201634.8195,966852.7417,1168487.561
LAGUNA BEACH,Total,Sulfate as SO4,340941.6231,263854.0688,604795.6919
SAN CLEMENTE,Total,Sulfate as SO4,824194.6381,2235602.55,3059797.188
MISSION VIEJO,Total,Tetrachlorvinphos (Stirofos),0.003733416,0.003981914,0.007715331
LAKE FOREST,Total,Tetrachlorvinphos (Stirofos),1.20E-04,8.52E-04,9.72E-04
RANCHO SANTA MARGARITA,Total,Tetrachlorvinphos (Stirofos),8.27E-04,0.004164042,0.00499104
ORANGE CO,Total,Tetrachlorvinphos (Stirofos),0.003646284,0.006906615,0.010552899
LAGUNA NIGUEL,Total,Tetrachlorvinphos (Stirofos),0.002083814,0.01243938,0.014523194
ALISO VIEJO,Total,Tetrachlorvinphos (Stirofos),3.60E-04,9.27E-04,0.001286903
LAGUNA HILLS,Total,Tetrachlorvinphos (Stirofos),1.12E-05,0.002081824,0.002093066
LAGUNA WOODS,Total,Tetrachlorvinphos (Stirofos),2.06E-05,3.19E-04,3.40E-04
DANA POINT,Total,Tetrachlorvinphos (Stirofos),6.31E-04,5.05E-04,0.001135847
SAN JUAN CAPISTRANO,Total,Tetrachlorvinphos (Stirofos),4.92E-04,0.002175759,0.002667942
LAGUNA BEACH,Total,Tetrachlorvinphos (Stirofos),2.76E-04,2.37E-04,5.13E-04
SAN CLEMENTE,Total,Tetrachlorvinphos (Stirofos),0.001355747,0.002880003,0.00423575
MISSION VIEJO,Total,Thallium,0.186670823,0.199095713,0.385766536
MISSION VIEJO,Dissolved,Thallium,0.186670823,0.199095713,0.385766536
LAKE FOREST,Total,Thallium,0.006015403,0.042584038,0.048599441
LAKE FOREST,Dissolved,Thallium,0.006015403,0.042584038,0.048599441
RANCHO SANTA MARGARITA,Total,Thallium,0.041349884,0.208202096,0.24955198
RANCHO SANTA MARGARITA,Dissolved,Thallium,0.041349884,0.208202096,0.24955198
ORANGE CO,Total,Thallium,0.182320561,0.368724136,0.551044697
ORANGE CO,Dissolved,Thallium,0.182325758,0.368724136,0.551049894
LAGUNA NIGUEL,Total,Thallium,0.104190713,0.621968981,0.726159694
ALISO VIEJO,Total,Thallium,0.018012121,0.046333022,0.064345143
LAGUNA NIGUEL,Dissolved,Thallium,0.104190713,0.621968981,0.726159694
ALISO VIEJO,Dissolved,Thallium,0.018012121,0.046333022,0.064345143
LAGUNA HILLS,Total,Thallium,5.62E-04,0.104091202,0.104653278
LAGUNA WOODS,Total,Thallium,0.001028787,0.015948826,0.016977613
LAGUNA HILLS,Dissolved,Thallium,5.62E-04,0.104091202,0.104653278
LAGUNA WOODS,Dissolved,Thallium,0.001028787,0.015948826,0.016977613
DANA POINT,Total,Thallium,0.031564466,0.025227888,0.056792353
SAN JUAN CAPISTRANO,Total,Thallium,0.024609174,0.108787932,0.133397105
DANA POINT,Dissolved,Thallium,0.031564466,0.025227888,0.056792353
SAN JUAN CAPISTRANO,Dissolved,Thallium,0.024609174,0.108787932,0.133397105
LAGUNA BEACH,Total,Thallium,0.013788889,0.01185861,0.025647499
LAGUNA BEACH,Dissolved,Thallium,0.013788889,0.01185861,0.025647499
SAN CLEMENTE,Total,Thallium,0.076948077,0.177600203,0.254548279
SAN CLEMENTE,Dissolved,Thallium,0.084443214,0.177600203,0.262043417
MISSION VIEJO,Total,TOC,17173.15381,17537.01407,34710.16788
LAKE FOREST,Total,TOC,511.499238,2640.210342,3151.70958
RANCHO SANTA MARGARITA,Total,TOC,3137.389579,16522.3235,19659.71308
ORANGE CO,Total,TOC,18666.04447,28017.83579,46683.88026
LAGUNA NIGUEL,Total,TOC,7613.679796,36657.2968,44270.97659
ALISO VIEJO,Total,TOC,1068.919706,2351.400886,3420.320592
LAGUNA HILLS,Total,TOC,18.54852573,3435.009656,3453.558182
LAGUNA WOODS,Total,TOC,33.94995677,526.3112736,560.2612304
DANA POINT,Total,TOC,3038.289001,2150.677414,5188.966415
SAN JUAN CAPISTRANO,Total,TOC,1575.07467,6581.669859,8156.744529
LAGUNA BEACH,Total,TOC,795.6725141,545.4960523,1341.168566
SAN CLEMENTE,Total,TOC,8440.904329,19080.02176,27520.92609
MISSION VIEJO,Total,Tokuthion,0.005600125,0.005972871,0.011572996
LAKE FOREST,Total,Tokuthion,1.80E-04,0.001277521,0.001457983
RANCHO SANTA MARGARITA,Total,Tokuthion,0.001240497,0.006246063,0.007486559
ORANGE CO,Total,Tokuthion,0.005469426,0.010359923,0.015829349
LAGUNA NIGUEL,Total,Tokuthion,0.003125721,0.018659069,0.021784791
ALISO VIEJO,Total,Tokuthion,5.40E-04,0.001389991,0.001930354
LAGUNA HILLS,Total,Tokuthion,1.69E-05,0.003122736,0.003139598
LAGUNA WOODS,Total,Tokuthion,3.09E-05,4.78E-04,5.09E-04
DANA POINT,Total,Tokuthion,9.47E-04,7.57E-04,0.001703771
SAN JUAN CAPISTRANO,Total,Tokuthion,7.38E-04,0.003263638,0.004001913
LAGUNA BEACH,Total,Tokuthion,4.14E-04,3.56E-04,7.69E-04
SAN CLEMENTE,Total,Tokuthion,0.002033621,0.004320005,0.006353626
MISSION VIEJO,Total,Total Coliform,0,0,0
LAKE FOREST,Total,Total Coliform,0,0,0
RANCHO SANTA MARGARITA,Total,Total Coliform,0,0,0
ORANGE CO,Total,Total Coliform,0,0,0
LAGUNA NIGUEL,Total,Total Coliform,0,0,0
ALISO VIEJO,Total,Total Coliform,0,0,0
LAGUNA HILLS,Total,Total Coliform,0,0,0
LAGUNA WOODS,Total,Total Coliform,0,0,0
DANA POINT,Total,Total Coliform,0,0,0
SAN JUAN CAPISTRANO,Total,Total Coliform,0,0,0
LAGUNA BEACH,Total,Total Coliform,0,0,0
SAN CLEMENTE,Total,Total Coliform,0,0,0
MISSION VIEJO,Total,Total Dissolved Solids (TDS),5149890.668,4944210.21,10094100.88
LAKE FOREST,Total,Total Dissolved Solids (TDS),93103.91397,819742.7272,912846.6412
RANCHO SANTA MARGARITA,Total,Total Dissolved Solids (TDS),417808.8964,2617397.783,3035206.679
ORANGE CO,Total,Total Dissolved Solids (TDS),3813928.079,7596125.653,11410053.73
LAGUNA NIGUEL,Total,Total Dissolved Solids (TDS),3183840.146,17298512.27,20482352.42
ALISO VIEJO,Total,Total Dissolved Solids (TDS),284005.1862,929266.6801,1213271.866
LAGUNA HILLS,Total,Total Dissolved Solids (TDS),13489.83689,2498188.841,2511678.678
LAGUNA WOODS,Total,Total Dissolved Solids (TDS),24690.87765,382771.8353,407462.713
DANA POINT,Total,Total Dissolved Solids (TDS),1080673.935,744222.6829,1824896.618
SAN JUAN CAPISTRANO,Total,Total Dissolved Solids (TDS),521294.957,2801289.238,3322584.195
LAGUNA BEACH,Total,Total Dissolved Solids (TDS),970075.1511,764880.3343,1734955.485
SAN CLEMENTE,Total,Total Dissolved Solids (TDS),1885506.351,4950005.645,6835511.996
MISSION VIEJO,Total,Total Kjeldahl Nitrogen,2686.801201,3231.987077,5918.788278
LAKE FOREST,Total,Total Kjeldahl Nitrogen,134.960758,698.3782195,833.3389775
RANCHO SANTA MARGARITA,Total,Total Kjeldahl Nitrogen,520.1058771,2821.138406,3341.244283
ORANGE CO,Total,Total Kjeldahl Nitrogen,7358.883128,6961.868154,14320.75128
LAGUNA NIGUEL,Total,Total Kjeldahl Nitrogen,1651.567448,6786.372655,8437.940103
ALISO VIEJO,Total,Total Kjeldahl Nitrogen,330.2283642,578.0044542,908.2328184
LAGUNA HILLS,Total,Total Kjeldahl Nitrogen,4.946273527,916.0025749,920.9488484
LAGUNA WOODS,Total,Total Kjeldahl Nitrogen,9.053321806,140.349673,149.4029948
DANA POINT,Total,Total Kjeldahl Nitrogen,605.680358,372.1113414,977.7916995
SAN JUAN CAPISTRANO,Total,Total Kjeldahl Nitrogen,721.5457044,1833.076647,2554.622351
LAGUNA BEACH,Total,Total Kjeldahl Nitrogen,86.25341902,64.0364931,150.2899121
SAN CLEMENTE,Total,Total Kjeldahl Nitrogen,1013.266148,2251.802568,3265.068716
MISSION VIEJO,Total,Total Suspended Solids,10561.91265,9257.950662,19819.86331
LAKE FOREST,Total,Total Suspended Solids,850.8133085,2420.192814,3271.006122
RANCHO SANTA MARGARITA,Total,Total Suspended Solids,2947.277814,12468.99222,15416.27003
ORANGE CO,Total,Total Suspended Solids,23857.59241,30583.35557,54440.94798
LAGUNA NIGUEL,Total,Total Suspended Solids,3280.966295,46103.45069,49384.41698
ALISO VIEJO,Total,Total Suspended Solids,1308.458093,5137.817371,6446.275464
LAGUNA HILLS,Total,Total Suspended Solids,8.150109788,754.6612123,762.8113221
LAGUNA WOODS,Total,Total Suspended Solids,14.91740525,115.6289919,130.5463972
DANA POINT,Total,Total Suspended Solids,1683.879824,1370.715224,3054.595048
SAN JUAN CAPISTRANO,Total,Total Suspended Solids,2010.883974,5303.411664,7314.295637
LAGUNA BEACH,Total,Total Suspended Solids,739.1421936,486.2030032,1225.345197
SAN CLEMENTE,Total,Total Suspended Solids,7548.392492,17460.01991,25008.4124
MISSION VIEJO,Total,Toxaphene,0.023333853,0.024886964,0.048220817
LAKE FOREST,Total,Toxaphene,7.52E-04,0.005323005,0.00607493
RANCHO SANTA MARGARITA,Total,Toxaphene,0.005168735,0.026025262,0.031193998
ORANGE CO,Total,Toxaphene,0.022789276,0.043166345,0.065955621
LAGUNA NIGUEL,Total,Toxaphene,0.013023839,0.077746123,0.090769962
ALISO VIEJO,Total,Toxaphene,0.002251515,0.005791628,0.008043143
LAGUNA HILLS,Total,Toxaphene,7.03E-05,0.0130114,0.01308166
LAGUNA WOODS,Total,Toxaphene,1.29E-04,0.001993603,0.002122202
DANA POINT,Total,Toxaphene,0.003945558,0.003153486,0.007099044
SAN JUAN CAPISTRANO,Total,Toxaphene,0.003076147,0.013598491,0.016674638
LAGUNA BEACH,Total,Toxaphene,0.001723611,0.001482326,0.003205937
SAN CLEMENTE,Total,Toxaphene,0.008473419,0.018000021,0.02647344
MISSION VIEJO,Total,trans-Nonachlor,0.001866708,0.001990957,0.003857665
LAKE FOREST,Total,trans-Nonachlor,6.02E-05,4.26E-04,4.86E-04
RANCHO SANTA MARGARITA,Total,trans-Nonachlor,4.13E-04,0.002082021,0.00249552
ORANGE CO,Total,trans-Nonachlor,0.001823142,0.003453308,0.00527645
LAGUNA NIGUEL,Total,trans-Nonachlor,0.001041907,0.00621969,0.007261597
ALISO VIEJO,Total,trans-Nonachlor,1.80E-04,4.63E-04,6.43E-04
LAGUNA HILLS,Total,trans-Nonachlor,5.62E-06,0.001040912,0.001046533
LAGUNA WOODS,Total,trans-Nonachlor,1.03E-05,1.59E-04,1.70E-04
DANA POINT,Total,trans-Nonachlor,3.16E-04,2.52E-04,5.68E-04
SAN JUAN CAPISTRANO,Total,trans-Nonachlor,2.46E-04,0.001087879,0.001333971
LAGUNA BEACH,Total,trans-Nonachlor,1.38E-04,1.19E-04,2.56E-04
SAN CLEMENTE,Total,trans-Nonachlor,6.78E-04,0.001440002,0.002117875
MISSION VIEJO,Total,Trichloronate,0.001866708,0.001990957,0.003857665
LAKE FOREST,Total,Trichloronate,6.02E-05,4.26E-04,4.86E-04
RANCHO SANTA MARGARITA,Total,Trichloronate,4.13E-04,0.002082021,0.00249552
ORANGE CO,Total,Trichloronate,0.001823142,0.003453308,0.00527645
LAGUNA NIGUEL,Total,Trichloronate,0.001041907,0.00621969,0.007261597
ALISO VIEJO,Total,Trichloronate,1.80E-04,4.63E-04,6.43E-04
LAGUNA HILLS,Total,Trichloronate,5.62E-06,0.001040912,0.001046533
LAGUNA WOODS,Total,Trichloronate,1.03E-05,1.59E-04,1.70E-04
DANA POINT,Total,Trichloronate,3.16E-04,2.52E-04,5.68E-04
SAN JUAN CAPISTRANO,Total,Trichloronate,2.46E-04,0.001087879,0.001333971
LAGUNA BEACH,Total,Trichloronate,1.38E-04,1.19E-04,2.56E-04
SAN CLEMENTE,Total,Trichloronate,6.78E-04,0.001440002,0.002117875
MISSION VIEJO,Total,Volatile Suspended Solids,4666.770571,4977.392829,9644.1634
LAKE FOREST,Total,Volatile Suspended Solids,506.5471783,1646.582794,2153.129972
RANCHO SANTA MARGARITA,Total,Volatile Suspended Solids,3656.511893,8351.217421,12007.72931
ORANGE CO,Total,Volatile Suspended Solids,17004.91424,20992.47524,37997.38949
LAGUNA NIGUEL,Total,Volatile Suspended Solids,2673.28716,27643.06581,30316.35297
ALISO VIEJO,Total,Volatile Suspended Solids,1007.09892,3706.64179,4713.74071
LAGUNA HILLS,Total,Volatile Suspended Solids,14.05191343,2602.280042,2616.331956
LAGUNA WOODS,Total,Volatile Suspended Solids,25.71966422,398.7206618,424.440326
DANA POINT,Total,Volatile Suspended Solids,789.1116432,814.5003696,1603.612013
SAN JUAN CAPISTRANO,Total,Volatile Suspended Solids,1490.847251,3372.425878,4863.27313
LAGUNA BEACH,Total,Volatile Suspended Solids,1183.21866,450.6271737,1633.845834
SAN CLEMENTE,Total,Volatile Suspended Solids,3701.727338,6912.007883,10613.73522
MISSION VIEJO,Total,Zinc,41.26047842,22.6969113,63.95738972
MISSION VIEJO,Dissolved,Zinc,25.67314363,22.6969113,48.37005493
LAKE FOREST,Total,Zinc,1.434013207,3.491891098,4.925904305
LAKE FOREST,Dissolved,Zinc,0.300770149,3.491891098,3.792661246
RANCHO SANTA MARGARITA,Total,Zinc,7.008347551,24.35964527,31.36799282
RANCHO SANTA MARGARITA,Dissolved,Zinc,3.035073477,24.35964527,27.39471875
ORANGE CO,Total,Zinc,23.3727555,49.93664566,73.30940116
ORANGE CO,Dissolved,Zinc,20.47152835,49.93664566,70.40817401
LAGUNA NIGUEL,Total,Zinc,25.51060315,96.68790517,122.1985083
ALISO VIEJO,Total,Zinc,3.44028115,7.534631973,10.97491312
LAGUNA NIGUEL,Dissolved,Zinc,22.37246869,96.68790517,119.0603739
ALISO VIEJO,Dissolved,Zinc,2.804568064,7.534631973,10.33920004
LAGUNA HILLS,Total,Zinc,0.028103827,5.204560085,5.232663912
LAGUNA WOODS,Total,Zinc,0.051439328,0.797441324,0.848880652
LAGUNA HILLS,Dissolved,Zinc,0.028103827,5.204560085,5.232663912
LAGUNA WOODS,Dissolved,Zinc,0.051439328,0.797441324,0.848880652
DANA POINT,Total,Zinc,12.64115834,4.52299984,17.16415818
SAN JUAN CAPISTRANO,Total,Zinc,8.076198676,12.83697592,20.9131746
DANA POINT,Dissolved,Zinc,10.05449775,4.52299984,14.57749759
SAN JUAN CAPISTRANO,Dissolved,Zinc,6.802572633,12.83697592,19.63954856
LAGUNA BEACH,Total,Zinc,0.689444451,0.592930492,1.282374942
LAGUNA BEACH,Dissolved,Zinc,0.689444451,0.592930492,1.282374942
SAN CLEMENTE,Total,Zinc,22.69837432,47.76005447,70.45842879
SAN CLEMENTE,Dissolved,Zinc,14.75881489,47.76005447,62.51886936
