Station,Collected Date,HSN,Fraction,Sample Type,Composite Start Time,Composite End Time,Stormflow Volume -cf,"2,4'-DDD - ng/L","2,4'-DDE - ng/L","2,4'-DDT - ng/L","4,4'-DDD - ng/L","4,4'-DDE - ng/L","4,4'-DDT - ng/L",Acenaphthene - ng/L,Acenaphthylene - ng/L,Aldrin - ng/L,Anthracene - ng/L,Azinphos Methyl - ng/L,Benz[a]anthracene - ng/L,Benzo[a]pyrene - ng/L,Benzo[b]fluoranthene - ng/L,"Benzo[g,h,i]perylene - ng/L",Benzo[k]fluoranthene - ng/L,BHC-alpha - ng/L,BHC-beta - ng/L,BHC-delta - ng/L,BHC-gamma - ng/L,Biphenyl - ng/L,Bolstar (Sulprofos) - ng/L,Chlordane-alpha - ng/L,Chlordane-gamma - ng/L,Chlorpyrifos - ng/L,Chrysene - ng/L,Demeton - ng/L,Diazinon - ng/L,"Dibenz[a,h]anthracene - ng/L",Dibenzothiophene - ng/L,Dichlorvos - ng/L,Dieldrin - ng/L,Dimethoate - ng/L,Disulfoton - ng/L,Endosulfan-I - ng/L,Endosulfan-II - ng/L,Endosulfan Sulfate - ng/L,Endrin - ng/L,Endrin Aldehyde - ng/L,Ethoprop (Ethoprofos) - ng/L,Ethyl Parathion - ng/L,Fenchlorphos (Ronnel) - ng/L,Fensulfothion - ng/L,Fenthion - ng/L,Fluoranthene - ng/L,Fluorene - ng/L,Heptachlor - ng/L,Heptachlor Epoxide - ng/L,"Indeno[1,2,3-cd]pyrene - ng/L",Malathion - ng/L,Merphos - ng/L,Methoxychlor - ng/L,Methyl Parathion - ng/L,Mevinphos (Phosdrin) - ng/L,Mirex - ng/L,Naphthalene - ng/L,Phenanthrene - ng/L,Phorate - ng/L,Pyrene - ng/L,Tetrachlorvinphos (Stirofos) - ng/L,Tokuthion (Prothiofos) - ng/L,Toxaphene - ng/L,trans-Nonachlor - ng/L,Trichloronate - ng/L,"Arsenic, Total - ug/L","Cadmium, Total - ug/L","Calcium, Total","Chromium, Total - ug/L","Copper, Total - ug/L",Dissolved Organic Carbon - mg/L,"Hardness as CaCO3, Total - mg/L","Iron, Total - ug/L","Lead, Total - ug/L","Magnesium, Total - ug/L","Manganese, Total - ug/L",MBAS - mg/L,"Mercury, Total - ug/L","Nickel, Total - ug/L","Selenium, Total - ug/L","Silver, Total - ug/L","Thallium, Total - ug/L",Total Organic Carbon (TOC) - mg/L,"Zinc, Total - ug/L","Ammonia, as Nitrogen - mg/L",Chloride - mg/L,Nitrate + Nitrite as N - mg/L,"Nitrogen, Total Kjeldahl - mg/L",Orthophosphate as P - mg/L,pH,Phosphorus as PO4 - mg/L,SpecificConductivity,Sulfate - mg/L,Temperature,Total Dissolved Solids - mg/L,VSS - mg/L,TSS - mg/L,Turbidity - NTU,Enterococcus - CFU/100 mL,E. coli - CFU/100 mL,Fecal coliforms - CFU/100 mL,Total Coliforms - CFU/100 mL,TN - mg/L,Field Dissolved Oxygen,Field pH,Field Specific Conductivity,Field Temperature,Field Turbidity - NTU
J01-9046-2,2023-12-19T09:45:00Z,3209003,Total,Composite,2023-12-18T22:17:00Z,2023-12-19T07:17:00Z,162.89999999999998,<2,2.54,<2,<2,<2,<2,12.4,7.82,<5,7.26,<10,18.2,30.2,<5,67.099999999999994,<5,<5,<5,<5,<5,19.2,<4,5.19,4,<1,64.5,<2,<1,<5,32.700000000000003,<6,<2,<10,<2,<5,<5,<5,<5,<5,<2,<20,<4,<2,<4,70.099999999999994,J3.93,<5,<5,6.86,<5,<2,<5,<2,<10,<5,30.7,34.700000000000003,<10,138,<4,<6,<25,4.99,<2,7,1.5,62.3,22,99,56,230,13000,18,18.1,350,1.1000000000000001,8.1000000000000003E-2,25,1.1,0.24,0.23,72,600,1.7,52,2.4,9.8,0.62,H7.64,6.9,640,82,H19.4,420,99,390,82,NA,NA,NA,NA,12.200000000000001,NA,NA,NA,NA,NA
J01-9046-2,2023-12-19T09:45:00Z,3209006,Dissolved,Composite,2023-12-18T22:17:00Z,2023-12-19T07:17:00Z,162.89999999999998,NA,NA,NA,NA,NA,NA,NA,NA,NA,NA,NA,NA,NA,NA,NA,NA,NA,NA,NA,NA,NA,NA,NA,NA,NA,NA,NA,NA,NA,NA,NA,NA,NA,NA,NA,NA,NA,NA,NA,NA,NA,NA,NA,NA,NA,NA,NA,NA,NA,NA,NA,NA,NA,NA,NA,NA,NA,NA,NA,NA,NA,NA,NA,NA,2.3,<0.2,NA,1.2,19,NA,NA,240,0.67,NA,97,NA,<0.05,8.4,0.71,<0.2,<0.2,NA,46,NA,NA,NA,NA,NA,NA,NA,NA,NA,NA,NA,NA,NA,NA,NA,NA,NA,NA,NA,8.67,7.8,367,17,7.94
L01-728-5 (L01-DP),2023-12-21T09:00:00Z,3210001,Total,Composite,2023-12-20T04:24:00Z,2023-12-21T03:24:00Z,12120.299999999994,<2,<2,<2,<2,<2,<2,<5,J3.6,<5,<5,<10,<5,<5,8.16,17.399999999999999,<5,<5,<5,<5,<5,6.64,<4,<2,<2,<1,<5,<2,<1,<5,<5,<6,<2,<10,<2,<5,<5,<5,<5,<5,<2,<20,<4,<2,<4,14.6,<5,<5,<5,<5,<5,<2,<5,<2,<10,<5,8.9700000000000006,11.6,<10,21.4,<4,<6,<25,<2,<2,1.6,<0.2,NA,3.6,19,14,133,810,1.4,NA,30,0.21,<0.05,3.7,0.47,<0.2,<0.2,15,64,0.14000000000000001,54,1.8,1.4,0.28,H7.26,0.94,550,81,H17.2,440,10,26,17,NA,NA,NA,NA,3.2,NA,NA,NA,NA,NA
J01-9273-1,2023-12-21T10:00:00Z,3210002,Total,Composite,2023-12-20T06:09:00Z,2023-12-21T02:09:00Z,148383,<2,<2,<2,<2,<2,<2,<5,J2.85,<5,<5,<10,<5,<5,<5,<5,<5,<5,<5,<5,<5,6.07,<4,<2,<2,<1,<5,<2,<1,<5,<5,<6,<2,<10,<2,<5,<5,<5,<5,<5,<2,<20,<4,<2,<4,8.01,<5,<5,<5,<5,<5,<2,<5,<2,<10,<5,10.199999999999999,10.4,<10,13.9,<4,<6,<25,<2,<2,3.3,2.8,NA,1.7,10,17,280,460,0.99,NA,340,0.31,<0.05,17,0.98,<0.2,<0.2,18,65,0.13,110,2.5,0.97,0.4,H7.49,1.4,1100,210,H16.8,660,7.4,15,18,NA,NA,NA,NA,3.4699999999999998,NA,NA,NA,NA,NA
L01-728-5 (L01-DP),2023-12-21T09:00:00Z,3210004,Dissolved,Composite,2023-12-20T04:24:00Z,2023-12-21T03:24:00Z,12120.299999999994,NA,NA,NA,NA,NA,NA,NA,NA,NA,NA,NA,NA,NA,NA,NA,NA,NA,NA,NA,NA,NA,NA,NA,NA,NA,NA,NA,NA,NA,NA,NA,NA,NA,NA,NA,NA,NA,NA,NA,NA,NA,NA,NA,NA,NA,NA,NA,NA,NA,NA,NA,NA,NA,NA,NA,NA,NA,NA,NA,NA,NA,NA,NA,NA,1.2,<0.2,NA,2.4,13,NA,NA,49,0.31,NA,4.9000000000000004,NA,<0.05,2.8,0.44,<0.2,<0.2,NA,NA,NA,NA,NA,NA,NA,NA,NA,NA,NA,NA,NA,NA,NA,NA,NA,NA,NA,NA,NA,NA,NA,NA,NA,NA
J01-9273-1,2023-12-21T10:00:00Z,3210005,Dissolved,Composite,2023-12-20T06:09:00Z,2023-12-21T02:09:00Z,148383,NA,NA,NA,NA,NA,NA,NA,NA,NA,NA,NA,NA,NA,NA,NA,NA,NA,NA,NA,NA,NA,NA,NA,NA,NA,NA,NA,NA,NA,NA,NA,NA,NA,NA,NA,NA,NA,NA,NA,NA,NA,NA,NA,NA,NA,NA,NA,NA,NA,NA,NA,NA,NA,NA,NA,NA,NA,NA,NA,NA,NA,NA,NA,NA,3.2,2,NA,1.1,8.5,NA,NA,95,0.34,NA,330,NA,9.5000000000000001E-2,16,0.97,<0.2,<0.2,NA,NA,NA,NA,NA,NA,NA,NA,NA,NA,NA,NA,NA,NA,NA,NA,NA,NA,NA,NA,NA,NA,NA,NA,NA,NA
L01-728-5 (L01-DP),2023-12-20T11:19:00Z,3211001,Total,Grab,NA,NA,3,NA,NA,NA,NA,NA,NA,NA,NA,NA,NA,NA,NA,NA,NA,NA,NA,NA,NA,NA,NA,NA,NA,NA,NA,NA,NA,NA,NA,NA,NA,NA,NA,NA,NA,NA,NA,NA,NA,NA,NA,NA,NA,NA,NA,NA,NA,NA,NA,NA,NA,NA,NA,NA,NA,NA,NA,NA,NA,NA,NA,NA,NA,NA,NA,NA,NA,NA,NA,NA,NA,NA,NA,NA,NA,NA,NA,NA,NA,NA,NA,NA,NA,NA,NA,NA,NA,NA,NA,NA,NA,NA,NA,NA,NA,NA,NA,NA,10000,6700,8600,>=36000,NA,NA,NA,NA,NA,NA
J01-9273-1,2023-12-20T10:16:00Z,3211002,Total,Grab,NA,NA,0.6,NA,NA,NA,NA,NA,NA,NA,NA,NA,NA,NA,NA,NA,NA,NA,NA,NA,NA,NA,NA,NA,NA,NA,NA,NA,NA,NA,NA,NA,NA,NA,NA,NA,NA,NA,NA,NA,NA,NA,NA,NA,NA,NA,NA,NA,NA,NA,NA,NA,NA,NA,NA,NA,NA,NA,NA,NA,NA,NA,NA,NA,NA,NA,NA,NA,NA,NA,NA,NA,NA,NA,NA,NA,NA,NA,NA,NA,NA,NA,NA,NA,NA,NA,NA,NA,NA,NA,NA,NA,NA,NA,NA,NA,NA,NA,NA,NA,5700,200,300,>=24000,NA,NA,NA,NA,NA,NA
J01-9046-2,2023-12-20T09:17:00Z,3211003,Total,Grab,NA,NA,6,NA,NA,NA,NA,NA,NA,NA,NA,NA,NA,NA,NA,NA,NA,NA,NA,NA,NA,NA,NA,NA,NA,NA,NA,NA,NA,NA,NA,NA,NA,NA,NA,NA,NA,NA,NA,NA,NA,NA,NA,NA,NA,NA,NA,NA,NA,NA,NA,NA,NA,NA,NA,NA,NA,NA,NA,NA,NA,NA,NA,NA,NA,NA,NA,NA,NA,NA,NA,NA,NA,NA,NA,NA,NA,NA,NA,NA,NA,NA,NA,NA,NA,NA,NA,NA,NA,NA,NA,NA,NA,NA,NA,NA,NA,NA,NA,NA,43000,20000,31000,>=81000,NA,NA,NA,NA,NA,NA
M01-088-1,2024-01-21T09:45:00Z,3246002,Total,Composite,2024-01-20T10:02:00Z,2024-01-21T09:02:00Z,307140.00000000006,<2,<2,<2,<2,<2,<2,<5,J1.11,<5,J1.03,<10,<5,<5,J3.62,5,J2.36,<5,<5,<5,<5,J3.38,<4,<2,<2,<1,J3.96,<2,<1,J1.33,J4.79,<6,<2,<10,<2,<5,<5,<5,<5,<5,<2,<20,<4,<2,<4,J3.19,J3.24,<5,<5,J1.14,17.3,<2,<5,<2,<10,<5,357,5.04,<10,6.56,<4,<6,<25,<2,<2,1.7,3.7,88.9,3.4,12,11,485,1400,0.75,63.8,440,0.1,<0.05,43,2.5,<0.2,<0.2,12,50,0.17,130,3.5,1.9,0.2,H7.57,0.8,1780,490,H17,980,8.1,32,17,NA,NA,NA,NA,5.4,NA,NA,NA,NA,NA
M01-088-1,2024-01-21T09:45:00Z,3246003,Dissolved,Composite,2024-01-20T10:02:00Z,2024-01-21T09:02:00Z,307140.00000000006,NA,NA,NA,NA,NA,NA,NA,NA,NA,NA,NA,NA,NA,NA,NA,NA,NA,NA,NA,NA,NA,NA,NA,NA,NA,NA,NA,NA,NA,NA,NA,NA,NA,NA,NA,NA,NA,NA,NA,NA,NA,NA,NA,NA,NA,NA,NA,NA,NA,NA,NA,NA,NA,NA,NA,NA,NA,NA,NA,NA,NA,NA,NA,NA,1.2,2.9,NA,1.1,8.4,NA,NA,63,<0.2,NA,400,NA,<0.05,38,2.3,<0.2,<0.2,NA,24,NA,NA,NA,NA,NA,NA,NA,NA,NA,NA,NA,NA,NA,NA,NA,NA,NA,NA,NA,NA,NA,NA,NA,NA
I01-11021-1,2024-01-23T11:40:00Z,3246005,Total,Composite,2024-01-21T22:00:00Z,2024-01-22T21:00:00Z,9078.599999999997,<2,<2,<2,<2,<2,<2,<5,<5,<5,J2.39,<10,J3.42,<5,8.9700000000000006,19.399999999999999,12.1,<5,<5,<5,<5,J3.34,<4,<2,<2,<1,12.2,<2,<1,<5,<5,<6,<2,<10,<2,<5,<5,<5,<5,<5,<2,<20,<4,<2,<4,13.8,13.5,<5,<5,<5,40.200000000000003,<2,<5,<2,<10,<5,10.9,12.5,<10,17.600000000000001,<4,<6,147,2.93,<2,1.4,<0.2,34.4,2.2,33,7.1,147,640,1.5,14.8,15,0.12,<0.05,2.4,1.1,<0.2,<0.2,8.1,50,<0.1,120,0.76,1.3,0.19,H7.18,0.76,670,63,H18.9,350,<5,14,11,NA,NA,NA,NA,2.06,NA,NA,NA,NA,NA
I01-11021-1,2024-01-23T11:40:00Z,3246006,Dissolved,Composite,2024-01-21T22:00:00Z,2024-01-22T21:00:00Z,9078.599999999997,NA,NA,NA,NA,NA,NA,NA,NA,NA,NA,NA,NA,NA,NA,NA,NA,NA,NA,NA,NA,NA,NA,NA,NA,NA,NA,NA,NA,NA,NA,NA,NA,NA,NA,NA,NA,NA,NA,NA,NA,NA,NA,NA,NA,NA,NA,NA,NA,NA,NA,NA,NA,NA,NA,NA,NA,NA,NA,NA,NA,NA,NA,NA,NA,1.2,<0.2,NA,0.82,26,NA,NA,22,<0.2,NA,<1,NA,<0.05,<2,1,<0.2,<0.2,NA,29,NA,NA,NA,NA,NA,NA,NA,NA,NA,NA,NA,NA,NA,NA,NA,NA,NA,NA,NA,NA,NA,NA,NA,NA
I01-11021-1,2024-01-22T08:00:00Z,3251001,Total,Grab,NA,NA,47.1,NA,NA,NA,NA,NA,NA,NA,NA,NA,NA,NA,NA,NA,NA,NA,NA,NA,NA,NA,NA,NA,NA,NA,NA,NA,NA,NA,NA,NA,NA,NA,NA,NA,NA,NA,NA,NA,NA,NA,NA,NA,NA,NA,NA,NA,NA,NA,NA,NA,NA,NA,NA,NA,NA,NA,NA,NA,NA,NA,NA,NA,NA,NA,NA,NA,NA,NA,NA,NA,NA,NA,NA,NA,NA,NA,NA,NA,NA,NA,NA,NA,NA,NA,NA,NA,NA,NA,NA,NA,NA,NA,NA,NA,NA,NA,NA,NA,>=13000,4100,>=6400,>=46000,NA,NA,NA,NA,NA,NA
M01-088-1,2024-01-21T09:45:00Z,3251002,Total,Grab,NA,NA,82.80000000000001,NA,NA,NA,NA,NA,NA,NA,NA,NA,NA,NA,NA,NA,NA,NA,NA,NA,NA,NA,NA,NA,NA,NA,NA,NA,NA,NA,NA,NA,NA,NA,NA,NA,NA,NA,NA,NA,NA,NA,NA,NA,NA,NA,NA,NA,NA,NA,NA,NA,NA,NA,NA,NA,NA,NA,NA,NA,NA,NA,NA,NA,NA,NA,NA,NA,NA,NA,NA,NA,NA,NA,NA,NA,NA,NA,NA,NA,NA,NA,NA,NA,NA,NA,NA,NA,NA,NA,NA,NA,NA,NA,NA,NA,NA,NA,NA,NA,>=4000,6800,>=13000,>=40000,NA,NA,NA,NA,NA,NA
K01-12156-4,2024-01-21T10:23:00Z,3251003,Total,Grab,NA,NA,5.3999999999999995,NA,NA,NA,NA,NA,NA,NA,NA,NA,NA,NA,NA,NA,NA,NA,NA,NA,NA,NA,NA,NA,NA,NA,NA,NA,NA,NA,NA,NA,NA,NA,NA,NA,NA,NA,NA,NA,NA,NA,NA,NA,NA,NA,NA,NA,NA,NA,NA,NA,NA,NA,NA,NA,NA,NA,NA,NA,NA,NA,NA,NA,NA,NA,NA,NA,NA,NA,NA,NA,NA,NA,NA,NA,NA,NA,NA,NA,NA,NA,NA,NA,NA,NA,NA,NA,NA,NA,NA,NA,NA,NA,NA,NA,NA,NA,NA,NA,>=9000,2800,>=5100,>=59000,NA,NA,NA,NA,NA,NA
L02-166-2 (L02P25),2024-01-21T11:34:00Z,3251004,Total,Grab,NA,NA,25.500000000000004,NA,NA,NA,NA,NA,NA,NA,NA,NA,NA,NA,NA,NA,NA,NA,NA,NA,NA,NA,NA,NA,NA,NA,NA,NA,NA,NA,NA,NA,NA,NA,NA,NA,NA,NA,NA,NA,NA,NA,NA,NA,NA,NA,NA,NA,NA,NA,NA,NA,NA,NA,NA,NA,NA,NA,NA,NA,NA,NA,NA,NA,NA,NA,NA,NA,NA,NA,NA,NA,NA,NA,NA,NA,NA,NA,NA,NA,NA,NA,NA,NA,NA,NA,NA,NA,NA,NA,NA,NA,NA,NA,NA,NA,NA,NA,NA,NA,4200,>=1500,>=1300,>=28000,NA,NA,NA,NA,NA,NA
J03-9216-2,2024-01-21T10:47:00Z,3251005,Total,Grab,NA,NA,483.00000000000006,NA,NA,NA,NA,NA,NA,NA,NA,NA,NA,NA,NA,NA,NA,NA,NA,NA,NA,NA,NA,NA,NA,NA,NA,NA,NA,NA,NA,NA,NA,NA,NA,NA,NA,NA,NA,NA,NA,NA,NA,NA,NA,NA,NA,NA,NA,NA,NA,NA,NA,NA,NA,NA,NA,NA,NA,NA,NA,NA,NA,NA,NA,NA,NA,NA,NA,NA,NA,NA,NA,NA,NA,NA,NA,NA,NA,NA,NA,NA,NA,NA,NA,NA,NA,NA,NA,NA,NA,NA,NA,NA,NA,NA,NA,NA,NA,NA,>=6700,>=1800,2200,>=34000,NA,NA,NA,NA,NA,NA
J07-9109-4 (J07P02),2024-01-21T12:09:00Z,3251006,Total,Grab,NA,NA,444,NA,NA,NA,NA,NA,NA,NA,NA,NA,NA,NA,NA,NA,NA,NA,NA,NA,NA,NA,NA,NA,NA,NA,NA,NA,NA,NA,NA,NA,NA,NA,NA,NA,NA,NA,NA,NA,NA,NA,NA,NA,NA,NA,NA,NA,NA,NA,NA,NA,NA,NA,NA,NA,NA,NA,NA,NA,NA,NA,NA,NA,NA,NA,NA,NA,NA,NA,NA,NA,NA,NA,NA,NA,NA,NA,NA,NA,NA,NA,NA,NA,NA,NA,NA,NA,NA,NA,NA,NA,NA,NA,NA,NA,NA,NA,NA,NA,>=6400,2400,4400,240000,NA,NA,NA,NA,NA,NA
K01-12156-4,2024-01-22T10:00:00Z,3252001,Total,Composite,2024-01-21T10:30:00Z,2024-01-22T06:30:00Z,31974.899999999994,<2,<2,<2,<2,<2,<2,<5,<5,<5,<5,<10,<5,<5,<5,<5,<5,<5,<5,<5,<5,<5,<4,<2,<2,<1,<5,<2,<1,<5,<5,<6,<2,<10,<2,<5,<5,<5,<5,<5,<2,<20,<4,<2,<4,<5,J1.08,<5,<5,<5,<5,<2,<5,<2,<10,<5,J4.47,J1.3,<10,J1.49,<4,<6,J10.7,<2,<2,1.4,0.23,118,1.1,5.8,7.1,493,440,0.23,48.2,48,7.0000000000000007E-2,<0.05,3.5,2.5,<0.2,<0.2,7.9,14,<0.1,190,0.93,0.8,0.18,H7.81,0.68,1900,410,H19.3,950,<5,11,6.8,NA,NA,NA,NA,1.73,NA,NA,NA,NA,NA
L02-166-2 (L02P25),2024-01-21T11:34:00Z,3252002,Total,Composite,2024-01-20T10:02:00Z,2024-01-21T09:02:00Z,21110.09999999999,<2,<2,<2,<2,<2,<2,<5,<5,<5,<5,<10,<5,<5,<5,J1.77,<5,<5,<5,<5,<5,<5,<4,J0.931,<2,<1,J1.09,<2,<1,<5,<5,<6,<2,<10,<2,<5,<5,<5,<5,<5,<2,<20,<4,<2,<4,J1.85,J1.1,<5,<5,<5,<5,<2,<5,<2,<10,<5,J4.8,J2.47,<10,J3.31,<4,<6,<25,<2,<2,10,0.46,105,0.95,6.4,6,365,430,0.28000000000000003,25,77,7.2999999999999995E-2,<0.05,4.9000000000000004,4.2,<0.2,<0.2,6.2,15,<0.1,110,1,0.75,0.16,H8.05,0.68,1230,200,H19.1,690,<5,6.3,5.6,NA,NA,NA,NA,1.75,NA,NA,NA,NA,NA
J03-9216-2,2024-01-21T10:47:00Z,3252003,Total,Composite,2024-01-20T10:17:00Z,2024-01-21T09:17:00Z,712914,<2,<2,<2,<2,<2,<2,<5,<5,<5,<5,<10,J2.55,J3.5,9.76,9.6199999999999992,6.24,<5,<5,<5,<5,J2.16,<4,<2,<2,<1,7.66,<2,<1,<5,J4.98,<6,<2,<10,<2,<5,<5,<5,<5,<5,<2,<20,<4,<2,<4,10.6,J1.75,<5,<5,J4.56,<5,<2,<5,<2,<10,<5,10.3,6.68,<10,17.2,<4,<6,J15.4,<2,<2,1.4,1.1000000000000001,67.9,2,12,8.5,288,680,0.75,28.9,110,0.14000000000000001,<0.05,8.1,1.4,<0.2,<0.2,9.1,50,0.11,110,1.7,1.2,0.19,H7.43,1,1070,200,H16.3,570,7.3,21,12,NA,NA,NA,NA,2.9,NA,NA,NA,NA,NA
J07-9109-4 (J07P02),2024-01-21T12:09:00Z,3252004,Total,Composite,2024-01-20T11:29:00Z,2024-01-21T10:29:00Z,968031.2999999997,<2,<2,<2,<2,<2,<2,<5,J1.75,<5,J2.68,<10,J2.31,5.3,<5,14.7,6.07,<5,<5,<5,<5,J4.03,<4,<2,J1.48,<1,7.52,<2,<1,<5,7.47,<6,<2,<10,<2,<5,<5,<5,<5,<5,<2,<20,<4,<2,<4,10.5,<5,<5,<5,J4.71,<5,<2,<5,<2,<10,<5,20.5,8.99,<10,23.1,<4,<6,29.2,2.37,<2,4.2,3.3,44.2,2.5,21,11,152,1000,1.3,10.1,39,0.14000000000000001,<0.05,5.7,0.61,<0.2,<0.2,12,120,0.22,59,2.2,2.3,0.28,H7.55,1.3,630,91,H16.4,310,11,32,16,NA,NA,NA,NA,4.5,NA,NA,NA,NA,NA
K01-12156-4,2024-01-22T10:00:00Z,3252005,Dissolved,Composite,2024-01-21T10:30:00Z,2024-01-22T06:30:00Z,31974.899999999994,NA,NA,NA,NA,NA,NA,NA,NA,NA,NA,NA,NA,NA,NA,NA,NA,NA,NA,NA,NA,NA,NA,NA,NA,NA,NA,NA,NA,NA,NA,NA,NA,NA,NA,NA,NA,NA,NA,NA,NA,NA,NA,NA,NA,NA,NA,NA,NA,NA,NA,NA,NA,NA,NA,NA,NA,NA,NA,NA,NA,NA,NA,NA,NA,1.3,<0.2,NA,0.42,4.4,NA,NA,37,<0.2,NA,35,NA,<0.05,3,2.3,<0.2,<0.2,NA,<10,NA,NA,NA,NA,NA,NA,NA,NA,NA,NA,NA,NA,NA,NA,NA,NA,NA,NA,NA,NA,NA,NA,NA,NA
L02-166-2 (L02P25),2024-01-21T11:34:00Z,3252006,Dissolved,Composite,2024-01-20T10:02:00Z,2024-01-21T09:02:00Z,21110.09999999999,NA,NA,NA,NA,NA,NA,NA,NA,NA,NA,NA,NA,NA,NA,NA,NA,NA,NA,NA,NA,NA,NA,NA,NA,NA,NA,NA,NA,NA,NA,NA,NA,NA,NA,NA,NA,NA,NA,NA,NA,NA,NA,NA,NA,NA,NA,NA,NA,NA,NA,NA,NA,NA,NA,NA,NA,NA,NA,NA,NA,NA,NA,NA,NA,10,0.31,NA,0.46,4.9,NA,NA,58,<0.2,NA,70,NA,<0.05,2.1,4.4,<0.2,<0.2,NA,10,NA,NA,NA,NA,NA,NA,NA,NA,NA,NA,NA,NA,NA,NA,NA,NA,NA,NA,NA,NA,NA,NA,NA,NA
J03-9216-2,2024-01-21T10:47:00Z,3252007,Dissolved,Composite,2024-01-20T10:17:00Z,2024-01-21T09:17:00Z,712914,NA,NA,NA,NA,NA,NA,NA,NA,NA,NA,NA,NA,NA,NA,NA,NA,NA,NA,NA,NA,NA,NA,NA,NA,NA,NA,NA,NA,NA,NA,NA,NA,NA,NA,NA,NA,NA,NA,NA,NA,NA,NA,NA,NA,NA,NA,NA,NA,NA,NA,NA,NA,NA,NA,NA,NA,NA,NA,NA,NA,NA,NA,NA,NA,1.1,0.75,NA,0.77,7.3,NA,NA,38,<0.2,NA,81,NA,<0.05,6.8,1.4,<0.2,<0.2,NA,27,NA,NA,NA,NA,NA,NA,NA,NA,NA,NA,NA,NA,NA,NA,NA,NA,NA,NA,NA,NA,NA,NA,NA,NA
J07-9109-4 (J07P02),2024-01-21T12:09:00Z,3252008,Dissolved,Composite,2024-01-20T11:29:00Z,2024-01-21T10:29:00Z,968031.2999999997,NA,NA,NA,NA,NA,NA,NA,NA,NA,NA,NA,NA,NA,NA,NA,NA,NA,NA,NA,NA,NA,NA,NA,NA,NA,NA,NA,NA,NA,NA,NA,NA,NA,NA,NA,NA,NA,NA,NA,NA,NA,NA,NA,NA,NA,NA,NA,NA,NA,NA,NA,NA,NA,NA,NA,NA,NA,NA,NA,NA,NA,NA,NA,NA,4,2,NA,1,14,NA,NA,31,<0.2,NA,4.5999999999999996,NA,<0.05,4.2,0.52,<0.2,<0.2,NA,73,NA,NA,NA,NA,NA,NA,NA,NA,NA,NA,NA,NA,NA,NA,NA,NA,NA,NA,NA,NA,NA,NA,NA,NA
L03-708-11 (L03P05),2024-02-01T09:03:00Z,3281001,Total,Grab,NA,NA,4050.52218,NA,NA,NA,NA,NA,NA,NA,NA,NA,NA,NA,NA,NA,NA,NA,NA,NA,NA,NA,NA,NA,NA,NA,NA,NA,NA,NA,NA,NA,NA,NA,NA,NA,NA,NA,NA,NA,NA,NA,NA,NA,NA,NA,NA,NA,NA,NA,NA,NA,NA,NA,NA,NA,NA,NA,NA,NA,NA,NA,NA,NA,NA,NA,NA,NA,NA,NA,NA,NA,NA,NA,NA,NA,NA,NA,NA,NA,NA,NA,NA,NA,NA,NA,NA,NA,NA,NA,NA,NA,NA,NA,NA,NA,NA,NA,NA,NA,>=16000,6600,<10000,>=31000,NA,NA,NA,NA,NA,NA
J01-9992-1 (J01P27),2024-02-01T09:28:00Z,3281002,Total,Grab,NA,NA,9450,NA,NA,NA,NA,NA,NA,NA,NA,NA,NA,NA,NA,NA,NA,NA,NA,NA,NA,NA,NA,NA,NA,NA,NA,NA,NA,NA,NA,NA,NA,NA,NA,NA,NA,NA,NA,NA,NA,NA,NA,NA,NA,NA,NA,NA,NA,NA,NA,NA,NA,NA,NA,NA,NA,NA,NA,NA,NA,NA,NA,NA,NA,NA,NA,NA,NA,NA,NA,NA,NA,NA,NA,NA,NA,NA,NA,NA,NA,NA,NA,NA,NA,NA,NA,NA,NA,NA,NA,NA,NA,NA,NA,NA,NA,NA,NA,NA,>=14000,4400,4600,>=43000,NA,NA,NA,NA,NA,NA
J01-9992-1 (J01P27),2024-02-02T12:00:00Z,3282001,Total,Composite,2024-02-01T04:56:00Z,2024-02-02T03:56:00Z,698055.3,<2,<2,<2,<2,<2,<2,J1.39,<5,<5,J1.02,<10,<5,<5,J4.47,8.75,J3.6,<5,<5,<5,<5,J3.26,<4,<2,<2,<1,7.31,<2,<1,<5,<5,<6,<2,<10,<2,<5,<5,<5,<5,<5,<2,<20,<4,<2,<4,6.62,J1.46,<5,<5,<5,<5,<2,<5,<2,<10,<5,13.1,J4.9,<10,13.1,<4,<6,<25,<2,<2,4.9,0.74,73.1,2.1,9.6,6.7,265,470,0.51,20.1,13,0.14000000000000001,<0.05,5.8,8.6,<0.2,<0.2,8.4,48,0.31,100,3.4,1.5,0.22,H7.38,0.91,1060,160,H16.8,H580,6.5,17,11,NA,NA,NA,NA,4.9,NA,NA,NA,NA,NA
L03-708-11 (L03P05),2024-02-06T09:00:00Z,3282002,Total,Composite,2024-02-04T19:30:00Z,2024-02-05T18:30:00Z,593402.836176,<2,<2,<2,<2,<2,<2,<5,<5,<5,<5,<10,<5,<5,J2.18,J2.86,<5,<5,<5,<5,<5,<5,<4,<2,<2,<1,J2.29,<2,<1,<5,<5,<6,<2,<10,<2,<5,<5,<5,<5,<5,<2,<20,<4,<2,<4,J3.7,<5,<5,<5,<5,<5,<2,<5,<2,<10,<5,J3.83,J2.49,<10,6.01,<4,<6,<25,<2,<2,1.8,1.1000000000000001,42,4.6,12,8.7,156,2700,1.2,12.5,74,<0.05,<0.05,6.5,0.68,<0.2,<0.2,8.1,47,0.27,51,1.2,2,0.34,H7.47,1.6,710,110,H17.4,390,23,110,40,NA,NA,NA,NA,3.2,NA,NA,NA,NA,NA
J01-9992-1 (J01P27),2024-02-02T12:00:00Z,3282003,Dissolved,Composite,2024-02-01T04:56:00Z,2024-02-02T03:56:00Z,698055.3,NA,NA,NA,NA,NA,NA,NA,NA,NA,NA,NA,NA,NA,NA,NA,NA,NA,NA,NA,NA,NA,NA,NA,NA,NA,NA,NA,NA,NA,NA,NA,NA,NA,NA,NA,NA,NA,NA,NA,NA,NA,NA,NA,NA,NA,NA,NA,NA,NA,NA,NA,NA,NA,NA,NA,NA,NA,NA,NA,NA,NA,NA,NA,NA,4.6,0.61,NA,0.91,6.8,NA,NA,22,<0.2,NA,3.9,NA,<0.05,4.7,8.6,<0.2,<0.2,NA,31,NA,NA,NA,NA,NA,NA,NA,NA,NA,NA,NA,NA,NA,NA,NA,NA,NA,NA,NA,NA,NA,NA,NA,NA
L03-708-11 (L03P05),2024-02-06T09:00:00Z,3282004,Dissolved,Composite,2024-02-04T19:30:00Z,2024-02-05T18:30:00Z,593402.836176,NA,NA,NA,NA,NA,NA,NA,NA,NA,NA,NA,NA,NA,NA,NA,NA,NA,NA,NA,NA,NA,NA,NA,NA,NA,NA,NA,NA,NA,NA,NA,NA,NA,NA,NA,NA,NA,NA,NA,NA,NA,NA,NA,NA,NA,NA,NA,NA,NA,NA,NA,NA,NA,NA,NA,NA,NA,NA,NA,NA,NA,NA,NA,NA,1.2,0.51,NA,0.63,6.5,NA,NA,70,<0.2,NA,21,NA,<0.05,4.0999999999999996,0.65,<0.2,<0.2,NA,15,NA,NA,NA,NA,NA,NA,NA,NA,NA,NA,NA,NA,NA,NA,NA,NA,NA,NA,NA,NA,NA,NA,NA,NA
L05-049-1,2024-02-21T10:00:00Z,3298001,Total,Composite,NA,NA,235.2,<2,<2,<2,<2,<2,<2,<5,<5,<5,<5,<10,<5,<5,<5,<5,<5,<5,<5,<5,<5,<5,<4,<2,<2,<1,<5,<2,<1,<5,<5,<6,<2,<10,<2,<5,<5,<5,<5,<5,<2,<20,<4,<2,<4,<5,<5,<5,<5,<5,<5,<2,<5,<2,<10,<5,J2.02,<5,<10,<5,<4,<6,<25,<2,<2,3.4,12,217,8.6,16,17,1080,3600,0.74,131,560,<0.05,<0.05,110,11,<0.2,<0.2,13,91,0.18,220,3.2,2.8,0.29,H7.79,1.7,3350,1100,H18.5,2300,18,86,51,NA,NA,NA,NA,6,NA,NA,NA,NA,NA
L01-724-4 (L01P03),2024-02-21T09:00:00Z,3298002,Total,Composite,2024-02-20T10:22:00Z,2024-02-21T00:22:00Z,83750.4,<2,<2,<2,<2,<2,<2,<5,<5,<5,<5,<10,<5,<5,J1.19,J2.33,<5,<5,<5,<5,<5,J1.04,<4,<2,<2,<1,J2.92,<2,<1,<5,<5,<6,<2,<10,<2,<5,<5,<5,<5,<5,<2,<20,<4,<2,<4,J2.73,J1.54,<5,<5,J1.02,<5,<2,<5,<2,<10,<5,J4.73,J2.99,<10,J4.61,<4,<6,<25,<2,<2,2.4,0.35,76.9,3.4,9.8,6.7,316,1300,0.65,30,35,6.8000000000000005E-2,<0.05,4.5,1.9,<0.2,<0.2,6.8,37,<0.1,130,0.82,1.3,0.31,H8.03,1.3,1330,240,H18.1,690,6.3,27,21,NA,NA,NA,NA,2.12,NA,NA,NA,NA,NA
L05-049-1,2024-02-20T09:44:00Z,3298003,Dissolved,Composite,NA,NA,235.2,NA,NA,NA,NA,NA,NA,NA,NA,NA,NA,NA,NA,NA,NA,NA,NA,NA,NA,NA,NA,NA,NA,NA,NA,NA,NA,NA,NA,NA,NA,NA,NA,NA,NA,NA,NA,NA,NA,NA,NA,NA,NA,NA,NA,NA,NA,NA,NA,NA,NA,NA,NA,NA,NA,NA,NA,NA,NA,NA,NA,NA,NA,NA,NA,2.6,9.8000000000000007,NA,1.2,12,NA,NA,42,<0.2,NA,550,NA,<0.05,98,11,<0.2,<0.2,NA,41,NA,NA,NA,NA,NA,NA,NA,NA,NA,NA,NA,NA,NA,NA,NA,NA,NA,NA,NA,NA,NA,NA,NA,NA
L01-724-4 (L01P03),2024-02-21T09:00:00Z,3298004,Dissolved,Composite,2024-02-20T10:22:00Z,2024-02-21T00:22:00Z,83750.4,NA,NA,NA,NA,NA,NA,NA,NA,NA,NA,NA,NA,NA,NA,NA,NA,NA,NA,NA,NA,NA,NA,NA,NA,NA,NA,NA,NA,NA,NA,NA,NA,NA,NA,NA,NA,NA,NA,NA,NA,NA,NA,NA,NA,NA,NA,NA,NA,NA,NA,NA,NA,NA,NA,NA,NA,NA,NA,NA,NA,NA,NA,NA,NA,1.9,0.23,NA,1.3,7.3,NA,NA,37,<0.2,NA,16,NA,<0.05,3.3,1.8,<0.2,<0.2,NA,21,NA,NA,NA,NA,NA,NA,NA,NA,NA,NA,NA,NA,NA,NA,NA,NA,NA,NA,NA,NA,NA,NA,NA,NA
L05-049-1,2024-02-21T10:00:00Z,3299001,Total,Grab,NA,NA,1098,NA,NA,NA,NA,NA,NA,NA,NA,NA,NA,NA,NA,NA,NA,NA,NA,NA,NA,NA,NA,NA,NA,NA,NA,NA,NA,NA,NA,NA,NA,NA,NA,NA,NA,NA,NA,NA,NA,NA,NA,NA,NA,NA,NA,NA,NA,NA,NA,NA,NA,NA,NA,NA,NA,NA,NA,NA,NA,NA,NA,NA,NA,NA,NA,NA,NA,NA,NA,NA,NA,NA,NA,NA,NA,NA,NA,NA,NA,NA,NA,NA,NA,NA,NA,NA,NA,NA,NA,NA,NA,NA,NA,NA,NA,NA,NA,NA,21000,7500,>=9000,>=75000,NA,NA,NA,NA,NA,NA
L01-724-4 (L01P03),2024-02-20T10:32:00Z,3299002,Total,Grab,NA,NA,1410,NA,NA,NA,NA,NA,NA,NA,NA,NA,NA,NA,NA,NA,NA,NA,NA,NA,NA,NA,NA,NA,NA,NA,NA,NA,NA,NA,NA,NA,NA,NA,NA,NA,NA,NA,NA,NA,NA,NA,NA,NA,NA,NA,NA,NA,NA,NA,NA,NA,NA,NA,NA,NA,NA,NA,NA,NA,NA,NA,NA,NA,NA,NA,NA,NA,NA,NA,NA,NA,NA,NA,NA,NA,NA,NA,NA,NA,NA,NA,NA,NA,NA,NA,NA,NA,NA,NA,NA,NA,NA,NA,NA,NA,NA,NA,NA,NA,>=16000,6900,5100,>=61000,NA,NA,NA,NA,NA,NA
